name,deltaG,SMILES
pubchem_346,-11.93,Cc1nc(-c2cccc(NC(=O)COc3ccccc3Cc3ccccc3)c2)n[nH]1
pubchem_1646,-11.72,O=C(Cn1c(=O)oc2ccccc21)NCc1nncn1CCc1ccccc1
pubchem_1713,-11.65,Cc1nc(-c2cccc(NC(=O)CCc3cccc(OC4CCCC4)c3)c2)n[nH]1
pubchem_1633,-11.47,O=C(Cn1c(=O)oc2ccccc21)N1CCC(Cc2nc(C3CC3)n[nH]2)CC1
pubchem_1220,-11.44,O=C(Nc1ccccc1OCc1ccccc1)c1nnnn1Cc1ccccc1
pubchem_1268,-11.44,CCOc1ccc(NC(=O)CN2CC(c3nc(Cc4ccccc4)no3)C2)cc1
pubchem_173,-11.39,O=C(CCn1c(=O)oc2ccccc21)Nc1cccc(-c2n[nH]c(C3CC3)n2)c1
pubchem_480,-11.25,COc1cccc(-c2ccc(N3CCC(NCCc4n[nH]c(C)n4)CC3)cc2)c1
pubchem_223,-11.24,O=C(Nc1cccc(-c2n[nH]c(C3CC3)n2)c1)C1=Cc2ccccc2OC1
pubchem_785,-11.21,Cc1ccc2oc(=O)n(CCc3n[nH]c(CCc4ccccc4)n3)c2c1
pubchem_1632,-11.2,Cc1cccc(OCC(=O)Nc2cccc(-c3nnc4n3CCCC4)c2)c1
pubchem_1588,-11.16,Cc1ccc(Oc2ccccc2NC(=O)NCc2nncn2-c2ccccc2)cc1
pubchem_948,-11.15,Cc1ccc(OCCC(=O)Nc2ccc(-c3n[nH]c(C4CC4)n3)cc2)c(C)c1
pubchem_1935,-11.15,O=C(COc1ccccc1)NCC(=O)Nc1cccc(-c2nnnn2C2CC2)c1
pubchem_1937,-11.14,Cc1ccc(-n2nnnc2CNC(=O)COc2ccc(C(C)C)cc2)cc1
pubchem_547,-11.1,CC(C)c1ccc(OCC(=O)NCc2nnnn2-c2ccccc2)cc1
pubchem_840,-11.1,COc1ccc(C(=O)Nc2n[nH]c(CC3CCCCC3)n2)cc1N1CCOCC1
pubchem_797,-11.05,Cc1cccc(C)c1OCC(=O)Nc1cccc(-c2n[nH]c(C3CC3)n2)c1
pubchem_880,-11.05,O=C(CCOc1ccccc1)Nc1cccc(-c2nnnn2C2CC2)c1
pubchem_1964,-11.04,Cc1ccc(OCCC(=O)Nc2cccc(-c3n[nH]c(C4CC4)n3)c2)c(C)c1
pubchem_583,-10.99,Cc1cc(C)cc(NC(=O)CSc2n[nH]c(COc3cccc(C)c3)n2)c1
pubchem_243,-10.98,CCOc1ccc(NC(=O)CSc2nnc(C)n2CCc2ccccc2)cc1
pubchem_796,-10.96,Cc1cccc(OCCCC(=O)Nc2cccc(-c3n[nH]c(C4CC4)n3)c2)c1
pubchem_525,-10.95,Cc1ccccc1OCc1nc(SCC(=O)N2CCCc3ccccc32)n[nH]1
pubchem_945,-10.95,Cc1nc(C(=O)NCCOc2cccc3ccccc23)nn1-c1ccc(F)cc1
pubchem_197,-10.91,CCOc1ccc(-n2nnnc2CNC(=O)CCc2ccccc2)cc1
pubchem_768,-10.91,CCOc1ccc(-n2nnnc2CNC(=O)/C=C\c2ccccc2)cc1
pubchem_137,-10.9,CCOc1ccccc1NC(=O)NCc1nnnn1-c1ccc(C)c(C)c1
pubchem_1370,-10.9,CCc1nc(-c2cccc(Nc3ccc(OCCN4CCCC4)cc3)c2)n[nH]1
pubchem_1534,-10.89,COc1ccc(C(C)(C)CNC(=O)c2nc(C3CC3)n(-c3ccccc3)n2)cc1
pubchem_1590,-10.89,Cc1cccc(OCC(=O)Nc2ccc(-c3nnc4n3CCCC4)cc2)c1
pubchem_1943,-10.87,COc1ccc(-n2ccn3c(CCC(=O)Nc4ccccc4)nnc3c2=O)cc1
pubchem_737,-10.86,Cc1ccccc1OCc1nc(SCC(=O)N2CCc3ccccc32)n[nH]1
pubchem_888,-10.86,CCOc1ccc(-n2nnnc2CNC(=O)CCCc2ccccc2)cc1
pubchem_923,-10.86,COc1ccccc1NC(=O)Cc1noc(CN(C)Cc2ccc(C)cc2)n1
pubchem_2059,-10.84,Cc1ccc(C(C)C)c(OCC(=O)Nc2cccc(-c3n[nH]c(C)n3)c2)c1
pubchem_340,-10.83,COc1ccc(NC(=O)N2CCC(c3nc(-c4ccccc4)n[nH]3)CC2)cc1
pubchem_168,-10.82,CCOc1ccccc1-n1ccn(Cc2nc(-c3ccccc3)no2)c(=O)c1=O
pubchem_253,-10.8,Cc1ccccc1OCc1nc(SCC(=O)N(c2ccccc2)C(C)C)n[nH]1
pubchem_798,-10.8,Cc1nc(-c2ccc(NC(=O)CCc3cccc(OC4CCCC4)c3)cc2)n[nH]1
pubchem_1829,-10.8,CCOc1ccccc1NC(=O)N1CC(n2cnnc2-c2ccccc2)C1
pubchem_1886,-10.8,Cc1cccc(OCCNC(=O)CNc2cccc(-c3nnnn3C3CC3)c2)c1
pubchem_464,-10.79,CCOc1ccccc1NC(=O)CSc1nnc(CC2CCCCC2)n1C
pubchem_1107,-10.79,O=C(CNc1cccc(-c2nnnn2C2CC2)c1)NCCOc1ccccc1
pubchem_23,-10.78,Cc1ccccc1OCCN(C)C(=O)c1nc(C)n(-c2ccc(Cl)cc2)n1
pubchem_205,-10.78,CCn1cnnc1-c1cccc(NC(=O)C2=Cc3ccccc3OC2)c1
pubchem_1405,-10.78,CCc1ccc(NC(=O)COc2cccc(-c3nnc4n3CCCC4)c2)cc1
pubchem_1994,-10.77,Cc1cccc(Oc2ccc(NC(=O)N3CCC(c4ncn[nH]4)CC3)cc2)c1
pubchem_397,-10.75,CCc1ccccc1NC(=O)CSc1nnc(COc2ccc(C)cc2)n1C
pubchem_420,-10.75,COc1cccc(NC(=O)c2nc(Cc3ccccc3)n(-c3ccccc3)n2)c1
pubchem_704,-10.74,Cc1cc(OCC(=O)NCc2nncn2-c2ccccc2)ccc1C(C)C
pubchem_1146,-10.74,COc1ccc(Cc2nc(NC(=O)c3cc(=O)n(C)c4ccccc34)n[nH]2)cc1
pubchem_471,-10.73,CCc1ccccc1NC(=O)CSc1n[nH]c(COc2ccc(C)cc2)n1
pubchem_581,-10.73,C=CCn1c(COc2ccc(C)cc2)nnc1SCC(=O)Nc1ccccc1
pubchem_705,-10.73,CCc1nc(-c2cccc(NC(=O)CN3C(=O)COc4ccccc43)c2)no1
pubchem_2043,-10.73,COc1ccc(NCc2nc(-c3ccc(C(C)(C)C)cc3)n[nH]2)cc1
pubchem_1264,-10.72,Cc1nc(-c2ccccc2)n(CC(=O)Nc2cccc(Oc3ccccc3)c2)n1
pubchem_2019,-10.72,Cc1ccc(OCc2nc(SCC(=O)Nc3ccccc3C(C)C)n[nH]2)cc1
pubchem_32,-10.71,Cc1ccc(C(C)C)c(OCC(=O)NCc2nncn2-c2ccccc2)c1
pubchem_1185,-10.71,COc1ccc(NC(=O)N2CCC(Cc3nc(-c4ccccc4)n[nH]3)CC2)cc1
pubchem_1260,-10.71,O=C(Cn1c(=O)oc2ccccc21)Nc1ccc(-c2n[nH]c(C3CC3)n2)cc1
pubchem_171,-10.7,Cc1cccc(OCCCCC(=O)Nc2cccc(-c3n[nH]c(C)n3)c2)c1
pubchem_278,-10.7,Cc1cccc(OCCNC(=O)CSc2nnc(C)n2-c2ccccc2C)c1
pubchem_537,-10.7,Cc1ccc(OCc2nc(SCC(=O)Nc3cc(C)ccc3C)n[nH]2)cc1
pubchem_851,-10.7,O=C(CCCOc1ccccc1)Nc1cccc(-c2n[nH]c(C3CC3)n2)c1
pubchem_12,-10.69,COc1ccc(C)cc1NC(=O)CSc1nnc(C)n1C1CCCCC1
pubchem_750,-10.69,Cc1cccc(OCCNC(=O)CSc2nnc(C)n2-c2cccc(C)c2)c1
pubchem_1830,-10.69,CCc1n[nH]c(CC2CCN(C(=O)Cn3c(=O)oc4ccccc43)CC2)n1
pubchem_254,-10.68,Cc1cccc(NC(=O)CSc2n[nH]c(COc3ccccc3C)n2)c1
pubchem_521,-10.68,C=CCn1c(COc2cccc(C)c2)nnc1SCC(=O)Nc1ccccc1
pubchem_1261,-10.68,Cc1ccc(C)c(OCC(=O)Nc2cccc(-c3n[nH]c(C4CC4)n3)c2)c1
pubchem_1603,-10.67,CCn1cnnc1-c1cccc(NC(=O)CCOc2ccccc2C)c1
pubchem_251,-10.66,COc1ccc(C)cc1NC(=O)CSc1nnc(C)n1Cc1ccccc1
pubchem_271,-10.66,Cc1ccccc1NC(=O)CSc1n[nH]c(COc2ccc(C(C)C)cc2)n1
pubchem_1549,-10.66,O=C(CSc1n[nH]c(COc2ccccc2)n1)N1CCCc2ccccc21
pubchem_1712,-10.66,Cc1ccc(OCCCCNC(=O)c2nc(C)n(-c3ccccc3Cl)n2)cc1
pubchem_2111,-10.66,COc1ccccc1CNC(=O)CCCCc1nnc(C)n1-c1ccccc1
pubchem_401,-10.65,COc1ccccc1NCC(=O)N/N=C(\C)c1cccc(-n2cnnn2)c1
pubchem_1242,-10.65,CCOc1ccccc1NC(=O)NCc1nnnn1C1CCCCC1
pubchem_1925,-10.64,C=CCn1c(COc2ccccc2C)nnc1SCC(=O)Nc1ccccc1
pubchem_2117,-10.64,Cc1nc(-c2ccccc2NC(=O)Cn2nnc(COc3ccccc3)n2)n[nH]1
pubchem_767,-10.63,Cc1nnc(SCC(=O)Nc2ccccc2OC(C)C)n1Cc1ccccc1
pubchem_172,-10.62,Cc1ccccc1OCCN(C)C(=O)c1nc(C)n(-c2ccccc2Cl)n1
pubchem_593,-10.62,CC(=O)Nc1cccc(OCc2noc(C(=O)NCCc3ccccc3)n2)c1
pubchem_1670,-10.62,COc1ccccc1CN(C)C(=O)C(=O)Nc1cccc(-c2n[nH]c(C)n2)c1
pubchem_468,-10.61,Cc1cccc(OCc2nc(SCC(=O)Nc3ccccc3C(C)C)n[nH]2)c1
pubchem_475,-10.61,Cc1ccc(-n2nnnc2CNC(=O)COc2ccccc2)cc1C
pubchem_265,-10.6,CCn1c(CC2CCCCC2)nnc1SCC(=O)Nc1ccccc1OC
pubchem_307,-10.6,COc1ccccc1NC(=O)CSc1nnc(C2CC2)n1Cc1ccccc1
pubchem_639,-10.6,COc1ccccc1NC(=O)C1CCN(Cc2nc(-c3ccccc3)no2)CC1
pubchem_999,-10.6,O=C(CSc1n[nH]c(COc2ccccc2F)n1)N1CCCc2ccccc21
pubchem_1759,-10.6,O=C(COc1ccccc1-n1cnnc1)Nc1n[nH]c(Cc2ccc(F)cc2)n1
pubchem_396,-10.59,CCc1ccc(NC(=O)CSc2nnc(COc3ccccc3)n2CC)cc1
pubchem_1203,-10.59,Cc1cccc(NC(=O)CSc2nnc(COc3ccccc3)n2C)c1
pubchem_1569,-10.59,COc1ccccc1-c1nc(NC(=O)Cn2c(=O)cnc3ccccc32)n[nH]1
pubchem_37,-10.58,COc1ccccc1NC(=O)Cc1noc(CN2CCc3ccccc32)n1
pubchem_140,-10.58,Cc1ccc(OCc2nc(SCC(=O)Nc3cccc(C)c3C)n[nH]2)cc1
pubchem_270,-10.57,CCc1ccc(OCc2nc(SCC(=O)Nc3cccc(C)c3C)n[nH]2)cc1
pubchem_673,-10.57,Cc1ccc(OCc2nc(SCC(=O)N3CCc4ccccc43)n[nH]2)cc1
pubchem_804,-10.57,CCc1ccccc1NC(=O)CSc1nnc(COc2ccccc2)n1C
pubchem_426,-10.56,COc1ccccc1-c1nc(NC(=O)Cn2c(=O)n(C)c3ccccc32)n[nH]1
pubchem_773,-10.56,Cc1ccc(C(C)C)cc1OCC(=O)NCc1nncn1-c1ccccc1
pubchem_1648,-10.56,CCOc1ccccc1N1CCN(Cc2nc(-c3ccc(CC)cc3)no2)CC1
pubchem_1690,-10.56,Cc1cccc(-c2noc(CNc3ccccc3OC(C)C)n2)c1
pubchem_393,-10.55,CCc1ccc(NC(=O)CSc2nnc(COc3ccccc3)n2C)cc1
pubchem_407,-10.55,CCOc1ccc(-n2nnnc2CNC(=O)NCCc2ccccc2)cc1
pubchem_618,-10.55,Cc1ccccc1NC(=O)CSc1nnc(COc2ccccc2)n1C
pubchem_634,-10.55,CCc1ccc(NC(=O)CSc2n[nH]c(COc3c(C)cccc3C)n2)cc1
pubchem_1490,-10.55,O=C(COc1ccccc1)Nc1ccc(-c2nnc3n2CCCC3)cc1
pubchem_1757,-10.55,Cc1cccc(N(CCCOc2cccc(CN(C)C)c2)Cc2ncn[nH]2)c1
pubchem_1968,-10.55,COc1ccccc1C(C)(C)NC(=O)c1nc(C2CC2)n(-c2ccccc2)n1
pubchem_139,-10.54,C=CCn1c(Cc2ccccc2)nnc1SCC(=O)Nc1ccccc1OC
pubchem_455,-10.54,Cc1ccccc1OCc1nc(SCC(=O)N(C)c2ccccc2)n[nH]1
pubchem_794,-10.54,CCc1ccc(OCC(=O)Nc2ccc(-c3n[nH]c(C4CC4)n3)cc2)cc1
pubchem_885,-10.54,Cc1nc(-c2ccccc2NC(=O)CCCn2c(=O)oc3ccccc32)n[nH]1
pubchem_1219,-10.54,COc1ccc(N2CCN(Cc3nc(-c4ccccc4)n[nH]3)CC2)cc1
pubchem_1471,-10.54,Cc1nc(CN2CCN(C(=O)Nc3ccccc3OC3CCCC3)CC2)n[nH]1
pubchem_1506,-10.54,O=C1COc2ccc(Cc3nc(CCc4ccccc4)n[nH]3)cc2N1
pubchem_1748,-10.54,CC(=O)NCCc1nc(COc2ccccc2)nn1-c1cccc(C)c1
pubchem_26,-10.53,CCOc1ccc(OCC(=O)NCc2nnnn2-c2ccc(C)cc2)cc1
pubchem_463,-10.53,COc1ccccc1NC(=O)CSc1nnc(CCC2CCCCC2)n1C
pubchem_1705,-10.53,CCOc1ccccc1NC(=O)CNc1cccc(-c2nnnn2C2CC2)c1
pubchem_1827,-10.53,COc1ccc(CCCCCC(=O)Nc2ccc(-c3n[nH]c(CN)n3)cc2)cc1
pubchem_1966,-10.53,Cc1nc(-c2cccc(NC(=O)NCCOc3c(C)cccc3C)c2)n[nH]1
pubchem_1976,-10.53,CCc1nc(-c2cccc(NC(=O)N3CCN(Cc4ccco4)CC3)c2)n[nH]1
pubchem_120,-10.52,CCOc1ccccc1NC(=O)CSc1nnc(Cc2ccccc2)n1CC
pubchem_602,-10.52,O=C(c1nc(C2CC2)n(-c2ccccc2)n1)N1CCOc2ccccc21
pubchem_731,-10.52,CCn1c(COc2cccc(C)c2)nnc1SCC(=O)Nc1ccccc1
pubchem_1258,-10.52,Cc1nc(-c2cccc(NC(=O)COc3cccc(NC(=O)C4CC4)c3)c2)n[nH]1
pubchem_1271,-10.52,CC(C)CCOc1ccc(NCc2nc(Cc3ccccc3)no2)cc1
pubchem_2007,-10.52,COc1ccccc1NC(=O)c1nc(-c2ccc(C)cc2)n(-c2ccccc2C)n1
pubchem_154,-10.51,CCCOc1ccccc1NC(=O)CSc1nnc(C)n1Cc1ccccc1
pubchem_802,-10.51,CCn1c(Cc2ccccc2)nnc1SCC(=O)Nc1cc(C)ccc1OC
pubchem_853,-10.51,COc1ccccc1NC(=O)CSc1nnc(C)n1CCc1ccccc1
pubchem_1537,-10.51,Cc1ccc(Oc2ccc(NC(=O)N3CCC(c4ncn[nH]4)CC3)cc2)cc1
pubchem_201,-10.5,CCc1ccccc1NC(=O)CSc1n[nH]c(COc2c(C)cccc2C)n1
pubchem_368,-10.5,Cc1ccc(OCC(=O)NCc2nnnn2-c2ccc(C)cc2)cc1
pubchem_418,-10.5,CCOc1ccc(CC(=O)NCc2nnnn2-c2ccccc2)cc1
pubchem_774,-10.5,CC(C)(C)c1ccccc1OCC(=O)NCc1nncn1-c1ccccc1
pubchem_806,-10.5,CCOc1ccc(NC(=O)CSc2nnc(CCc3ccccc3)n2C)cc1
pubchem_924,-10.5,COc1ccccc1NC(=O)Cc1noc(CN2CCCc3ccccc32)n1
pubchem_1191,-10.5,O=c1[nH]c2ccccc2cc1-c1nc(COc2ccccc2)nn1CCO
pubchem_81,-10.49,COc1ccc(C)cc1NC(=O)CNc1cccc(-c2nnnn2C2CC2)c1
pubchem_151,-10.49,CCOc1ccc(-n2nnnc2CNC(=O)COc2cccc(C)c2)cc1
pubchem_1215,-10.49,Cc1ccccc1OCc1nc(SCC(=O)Nc2ccc(C(C)C)cc2)n[nH]1
pubchem_1423,-10.49,CCOc1ccc(-n2c(C)nnc2SCC(=O)NCc2ccccc2)cc1
pubchem_928,-10.48,CCOc1ccccc1N1CCN(Cc2nc(Cc3cccc(F)c3)no2)CC1
pubchem_943,-10.48,CCOc1ccccc1CCC(=O)Nc1cccc(-c2n[nH]c(C)n2)c1
pubchem_326,-10.47,CCc1ccc(OCc2nc(SCC(=O)Nc3cc(C)ccc3C)n[nH]2)cc1
pubchem_591,-10.47,CC(=O)Nc1ccccc1OCc1noc(C(=O)NCCc2ccccc2)n1
pubchem_795,-10.47,Cc1cccc(OCCCC(=O)Nc2ccc(-c3n[nH]c(C4CC4)n3)cc2)c1
pubchem_827,-10.47,CCOc1ccccc1NC(=O)CSc1nnc(C)n1-c1ccccc1C
pubchem_897,-10.47,CCOc1ccccc1NC(=O)NCCc1n[nH]c(Cc2ccc(C)cc2)n1
pubchem_1308,-10.46,CCCOc1cccc(CC(=O)Nc2cccc(-c3n[nH]c(C)n3)c2)c1
pubchem_2035,-10.46,CCc1nc(SCC(=O)Nc2ccccc2Oc2ccc(C)cc2)n[nH]1
pubchem_152,-10.45,CC(=O)Oc1ccccc1NC(=O)NCc1nnnn1-c1ccc(C)cc1
pubchem_179,-10.45,Cc1ccc(NC(=O)CSc2nnc(COc3ccccc3)n2C)cc1
pubchem_196,-10.45,CCOc1ccc(-n2nnnc2CNC(=O)Cc2ccccc2)cc1
pubchem_409,-10.45,Cc1ccc(C)c(NC(=O)CSc2n[nH]c(COc3ccccc3)n2)c1
pubchem_1491,-10.45,COc1ccccc1NC(=O)Nc1cccc(-c2nnc3n2CCCC3)c1
pubchem_2004,-10.45,CCCn1c(Cc2ccccc2)nnc1SCC(=O)Nc1ccccc1OC
pubchem_33,-10.44,CC(C)(C)c1ccc(OCC(=O)NCc2nncn2-c2ccccc2)cc1
pubchem_153,-10.44,CCCOc1ccccc1NC(=O)CSc1nnc(-c2ccccc2C)n1C
pubchem_275,-10.44,COc1ccccc1CNC(=O)c1nc(COc2ccc(NC(C)=O)cc2)no1
pubchem_356,-10.44,CN(C)c1ccc(CNC(=O)Cn2nnc(COc3ccccc3)n2)cc1
pubchem_617,-10.44,C=CCn1c(COc2ccccc2)nnc1SCC(=O)Nc1cccc(C)c1
pubchem_993,-10.44,Cn1nc(C2CCNCC2)nc1NC(=O)CCN1C(=O)COc2ccccc21
pubchem_2016,-10.44,CCc1ccc(OCc2nnc(SCC(=O)Nc3ccccc3C)n2C)cc1
pubchem_2028,-10.44,CCOc1ccccc1NC(=O)CSc1nnc(C)n1-c1ccc(C)cc1
pubchem_641,-10.43,COc1ccccc1NC(=O)CSc1nnc(CCC2CCCCC2)n1N
pubchem_857,-10.43,CCc1ccccc1NC(=O)CSc1nnc(COc2ccccc2)n1CC
pubchem_1703,-10.43,CCOc1ccccc1-c1nc(SCC(=O)N(CC)c2ccccc2)n[nH]1
pubchem_1734,-10.43,COc1ccc(C)cc1NC(=O)COc1ccc(-c2nnc3n2CCCC3)cc1
pubchem_52,-10.42,Cc1ccccc1OCc1nnc(SCC(=O)Nc2ccccc2)n1C
pubchem_88,-10.42,CCOc1ccccc1NC(=O)CSc1n[nH]c(CCC2CCCC2)n1
pubchem_833,-10.42,COc1ccc(NC(=O)c2nc(CCc3ccccc3)n(-c3ccccc3)n2)cc1
pubchem_848,-10.42,Cc1ccc(OCCC(=O)Nc2cccc(-c3n[nH]c(C)n3)c2)c(C)c1
pubchem_944,-10.42,Cc1cccc(OCCCC(=O)Nc2cccc(-c3n[nH]c(C)n3)c2)c1
pubchem_2015,-10.42,CCn1c(COc2ccccc2)nnc1SCC(=O)Nc1ccccc1C
pubchem_101,-10.41,Cc1cc(C)cc(OCCC(=O)Nc2cccc(-c3n[nH]c(C)n3)c2)c1
pubchem_362,-10.41,CCOc1ccc(-n2nnnc2CNC(=O)COc2ccccc2C)cc1
pubchem_592,-10.41,CCOc1ccccc1NCc1nc(-c2cccc([N+](=O)[O-])c2)no1
pubchem_640,-10.41,CCCN(CC(=O)Nc1ccccc1OC)Cc1nc(-c2cccc(C)c2)no1
pubchem_643,-10.41,COc1ccccc1N1CCN(C(=O)c2nc(C)n(-c3ccccc3C)n2)CC1
pubchem_677,-10.41,CCn1c(COc2ccc(C)cc2)nnc1SCC(=O)Nc1ccccc1C
pubchem_1177,-10.41,Cc1ccc2c(c1)OCCN2C(=O)c1nc(C(C)C)n(-c2cccc(F)c2)n1
pubchem_277,-10.4,CCOc1ccccc1N1CCN(Cc2nc(-c3ccc(C)cc3)no2)CC1
pubchem_580,-10.4,CCn1c(CCc2ccccc2)nnc1SCC(=O)Nc1ccccc1OC
pubchem_2052,-10.4,COc1ccccc1-n1ccn2c(SCc3ccccc3C)nnc2c1=O
pubchem_42,-10.39,Cc1ccc(C)c(-n2c(C)nnc2SCC(=O)NCCOc2ccccc2)c1
pubchem_599,-10.39,O=C1COc2ccccc2N1CCc1n[nH]c(CCc2ccccc2)n1
pubchem_657,-10.39,CCc1ccc(OCC(=O)Nc2cccc(-c3n[nH]c(C4CC4)n3)c2)cc1
pubchem_877,-10.39,CCOc1ccccc1NC(=O)NCc1nnnn1-c1ccc(C)cc1
pubchem_997,-10.39,CCOc1ccc(-n2nc(C(=O)NC3CCCCC3)nc2-c2ccccc2)cc1
pubchem_1907,-10.39,C=CCn1c(SCC(=O)Nc2ccccc2OC)nnc1C1CCCCC1
pubchem_74,-10.38,CCOc1ccc(-n2nnnc2CNC(=O)COc2ccc(C)cc2)cc1
pubchem_112,-10.38,Cc1cccc(OCCN(C)C(=O)c2nc(C)n(-c3ccccc3Cl)n2)c1
pubchem_371,-10.38,O=C(NCCOc1ccccc1)c1nc(Cc2ccccc2)n(-c2ccccc2)n1
pubchem_1034,-10.38,CCc1ccc(NC(=O)COc2ccc(-c3nnc4n3CCCC4)cc2)cc1
pubchem_1205,-10.38,CCn1c(COc2ccccc2)nnc1SCC(=O)Nc1cccc(C)c1
pubchem_1710,-10.38,CCN(CC)CCOc1ccccc1NC(=O)Cn1nnc(-c2ccccc2)n1
pubchem_1739,-10.38,Cc1cccc(OCCC(=O)Nc2ccc(-c3n[nH]c(CN)n3)cc2)c1C
pubchem_2060,-10.38,Cc1ccc(OCCC(=O)Nc2ccccc2-c2n[nH]c(C(C)C)n2)c(C)c1
pubchem_742,-10.37,CCOc1ccccc1NC(=O)CSc1nnc(C)n1Cc1ccccc1
pubchem_1507,-10.37,CN(CCOc1ccccc1)C(=O)c1nc(-c2ccccc2)n(-c2ccccc2)n1
pubchem_398,-10.36,CCn1c(COc2ccccc2)nnc1SCC(=O)Nc1ccc(C)cc1
pubchem_488,-10.36,Cc1ccccc1-n1c(C)nnc1SCC(=O)NCCOc1ccccc1
pubchem_746,-10.36,CCOc1ccccc1NC(=O)Cn1nnc(-c2ccccc2C)n1
pubchem_846,-10.36,COc1ccccc1-c1nc(NC(=O)CN2C(=O)COc3ccccc32)n[nH]1
pubchem_850,-10.36,CC(C)Oc1ccc(CNC(=O)Nc2ccc(-c3n[nH]c(C4CC4)n3)cc2)cc1
pubchem_927,-10.36,Cc1ccc(-n2nnnc2CNC(=O)COc2ccccc2C)cc1
pubchem_2063,-10.36,CC(C)c1ccc(OCC(=O)Nc2cccc(-c3n[nH]c(C4CC4)n3)c2)cc1
pubchem_54,-10.35,COc1ccc(NC(=O)Cn2nc(-c3ccccc3)nc2-c2ccccc2)cc1
pubchem_264,-10.35,CCOc1ccccc1NC(=O)CSc1nnc(CCc2ccccc2)n1C
pubchem_465,-10.35,Cc1cccc(NC(=O)CSc2n[nH]c(COc3ccccc3)n2)c1C
pubchem_159,-10.34,Cc1ccc(OCC(=O)NCc2nncn2-c2ccccc2)cc1C
pubchem_1133,-10.34,CCc1nc(C2CCN(C(=O)CN3CCOc4ccc(Cl)cc43)CC2)n[nH]1
pubchem_160,-10.33,CC(=O)Nc1cccc(OCc2noc(C(=O)NCc3ccccc3)n2)c1
pubchem_408,-10.33,CCOc1ccccc1NC(=O)CSc1nnc(C2CCCCC2)n1CC
pubchem_1351,-10.33,CNC(=O)COc1cccc(CC(=O)Nc2cccc(-c3n[nH]c(C)n3)c2)c1
pubchem_147,-10.32,COc1ccccc1NC(=O)Cc1noc(CNc2ccc(F)cc2C)n1
pubchem_1227,-10.32,CCc1ccc(OCc2nc(SCC(=O)Nc3ccc(C)c(C)c3)n[nH]2)cc1
pubchem_24,-10.31,CCc1ccc(OCC(=O)Nc2cccc(-c3nncn3CC)c2)cc1
pubchem_298,-10.31,Cc1ccc2oc(=O)n(Cc3nc(CCc4ccccc4)n[nH]3)c2c1
pubchem_486,-10.31,COc1ccccc1CNC(=O)c1nc(CC(=O)Nc2ccccc2)no1
pubchem_638,-10.31,CC(=O)Nc1ccc(OCc2noc(C(=O)NCc3ccccc3)n2)cc1
pubchem_1882,-10.31,COc1ccccc1Cc1nc(-c2ccc(N3CCCC3=O)cc2)n[nH]1
pubchem_1963,-10.31,Cc1nc(-c2ccc(NC(=O)COc3ccccc3Cc3ccccc3)cc2)n[nH]1
pubchem_2079,-10.31,Cn1nc(COc2cccc(F)c2)nc1-c1cccc(N2CCNC2=O)c1
pubchem_917,-10.3,CCc1ccc(OCc2nnc(SCC(=O)Nc3ccccc3)n2CC)cc1
pubchem_63,-10.29,COc1cccc(NC(=O)CSc2n[nH]c(COc3ccccc3C)n2)c1
pubchem_130,-10.29,Cc1ccccc1NC(=O)CSc1n[nH]c(COc2ccccc2C)n1
pubchem_284,-10.29,CC(=O)Nc1ccccc1OCc1noc(C(=O)NCCc2ccc(O)cc2)n1
pubchem_671,-10.29,CCc1ccc(OCc2nnc(SCC(=O)Nc3cccc(C)c3)n2C)cc1
pubchem_985,-10.29,C/N=C(/NCCCN1C(=O)COc2ccccc21)N1CCC(c2ncn[nH]2)CC1
pubchem_1149,-10.29,COc1ccccc1-n1nc(CCc2ccccc2)nc1CNC(C)=O
pubchem_1224,-10.29,COc1ccccc1NC(=O)CSc1nnc(CC2CCCCC2)n1C
pubchem_489,-10.28,Cc1ccc(-n2nnnc2CNC(=O)COc2cccc(C)c2)cc1
pubchem_1010,-10.28,COc1ccccc1CNC(=O)CCCCc1nncn1-c1ccccc1
pubchem_1049,-10.28,Cc1cccc(OCCNC(=O)CNc2ccc(-c3nnnn3C3CC3)cc2)c1
pubchem_1230,-10.28,CC(=O)Nc1ccc(OCc2noc(C(=O)NCCc3ccccc3)n2)cc1
pubchem_1262,-10.28,O=C(COc1ccccc1F)Nc1cccc(-c2n[nH]c(C3CC3)n2)c1
pubchem_1273,-10.28,COc1ccc(C)cc1NC(=O)NCc1nncn1C1CCCCC1
pubchem_2056,-10.28,Cc1ccccc1OCC(=O)Nc1ccc(-c2n[nH]c(C3CC3)n2)cc1
pubchem_286,-10.27,Cc1cccc(OCC(=O)NCc2nncn2-c2ccccc2)c1C
pubchem_430,-10.27,COc1ccccc1-n1ccn2c(SCc3ccccc3)nnc2c1=O
pubchem_582,-10.27,Cc1cc(C)cc(NC(=O)CSc2n[nH]c(COc3ccccc3)n2)c1
pubchem_2078,-10.27,C#CCOc1ccccc1CN(C)C(=O)NCc1nncn1-c1ccccc1
pubchem_4,-10.26,CCc1ccc(OCc2nnc(SCC(=O)Nc3ccc(C)cc3)n2C)cc1
pubchem_9,-10.26,CCn1c(COc2ccc(C)cc2)nnc1SCC(=O)Nc1cccc(C)c1
pubchem_524,-10.26,COc1ccc(C)cc1NC(=O)CSc1n[nH]c(COc2ccccc2C)n1
pubchem_1103,-10.26,CCOc1ccccc1C(=O)NCC(=O)Nc1ccccc1-c1n[nH]c(CC)n1
pubchem_1307,-10.26,COc1cccc(C)c1NC(=O)CCc1nnc(CCC(C)C)n1C1CC1
pubchem_1900,-10.26,Cc1cccc(OCc2nnc(SCC(=O)Nc3ccccc3)n2C)c1
pubchem_2030,-10.26,O=C(CN1C(=O)COc2ccccc21)NCc1ccc(Cn2cncn2)cc1
pubchem_2061,-10.26,Cc1ccc(C)c(OCC(=O)Nc2ccc(-c3n[nH]c(C4CC4)n3)cc2)c1
pubchem_20,-10.25,Cc1ccc(OCc2nc(SCC(=O)Nc3cccc(C)c3)n[nH]2)cc1
pubchem_374,-10.25,Cc1cc(C)cc(OCC(=O)NCc2nncn2-c2ccccc2)c1
pubchem_912,-10.25,Cc1ccccc1OCc1nc(SCC(=O)Nc2ccc(CC#N)cc2)n[nH]1
pubchem_1244,-10.25,Cc1ccc(OCC(=O)NCc2nncn2-c2ccccc2)c(C)c1
pubchem_1967,-10.25,Cc1ccc2c(c1)N(Cc1nc(CCc3ccccc3)n[nH]1)C(=O)CO2
pubchem_2011,-10.25,COc1ccc(C)cc1NC(=O)CNc1cccc(-c2nnnn2C)c1
pubchem_376,-10.24,CCOc1ccc(-c2noc(CN(C)CC(=O)Nc3ccccc3CC)n2)cc1
pubchem_467,-10.24,CC(C)c1ccc(NC(=O)CSc2n[nH]c(COc3ccccc3)n2)cc1
pubchem_555,-10.24,CCOc1ccc(C#N)cc1NCc1nc(Cc2ccccc2)no1
pubchem_575,-10.24,Cc1cccc(OCCNC(=O)c2nc(C)n(-c3ccc(Cl)cc3)n2)c1
pubchem_801,-10.24,CCOc1ccccc1NC(=O)CSc1nnc(Cc2ccccc2)n1C
pubchem_859,-10.24,CCc1ccc(NC(=O)CSc2nnc(COc3ccc(C)cc3)n2C)cc1
pubchem_1259,-10.24,CCCCOc1ccc(NC(=O)c2nc(C)n(-c3ccc(F)cc3)n2)c(C)c1
pubchem_1357,-10.24,CCOc1ccc(-n2nc(C(=O)Nc3cccc(C)c3)nc2-c2ccccc2)cc1
pubchem_1920,-10.24,COc1ccccc1NC(=O)CSc1nnc(CCc2ccccc2)n1C
pubchem_177,-10.23,O=C(COc1ccccc1-c1ncn[nH]1)N1CCc2ccccc21
pubchem_203,-10.23,CCCN(CC(=O)Nc1ccccc1OC)Cc1nnnn1-c1ccccc1
pubchem_1414,-10.23,Cc1cccc(NC(=O)c2n[nH]c(C(=O)Oc3cccc(C)c3)n2)c1
pubchem_1555,-10.23,COc1ccccc1NCc1nc(-c2ccc(C(C)C)cc2)no1
pubchem_1932,-10.23,O=C(COc1ccccc1CNCc1nncn1-c1ccccc1)N1CCCC1
pubchem_708,-10.22,CCOc1ccc(-n2ccn3c(CCCC(=O)NCC(C)C)nnc3c2=O)cc1
pubchem_854,-10.22,COc1ccc(C)cc1NC(=O)CSc1nnc(Cc2ccccc2)n1C
pubchem_1470,-10.22,CC(C)c1cccc(NC(=O)COc2ccccc2-c2ncn[nH]2)c1
pubchem_34,-10.21,c1ccc(Cc2noc(CN3CCOc4ccccc43)n2)cc1
pubchem_584,-10.21,Cc1ccc(OCc2nc(SCC(=O)Nc3ccccc3C)n[nH]2)cc1
pubchem_642,-10.21,COc1ccc(-n2nnnc2CNC(=O)COc2ccccc2C)cc1
pubchem_732,-10.21,CCOc1ccc(NC(=O)Cn2nc(-c3ccccc3)nc2-c2ccccc2)cc1
pubchem_765,-10.21,CC(=O)Nc1ccc(OCc2noc(C(=O)NCc3cccc(F)c3)n2)cc1
pubchem_891,-10.21,COc1ccc(CNC(=O)c2nc(COc3ccccc3NC(C)=O)no2)cc1
pubchem_1187,-10.21,Cc1cccc(NC(=O)CSc2n[nH]c(COc3ccccc3F)n2)c1
pubchem_87,-10.2,CCc1nc(SCC(=O)Nc2ccc(OCc3ccccc3)cc2)n[nH]1
pubchem_204,-10.2,Cc1ccc(OCC(=O)NCc2nnnn2-c2ccc(F)cc2)cc1
pubchem_207,-10.2,Cc1cccc(OCC(=O)NCc2nnnn2-c2ccccc2)c1
pubchem_799,-10.2,CCN(c1ccc(C(=O)NCc2nc(-c3ccc(OC)cc3)n[nH]2)cc1)C(C)C
pubchem_873,-10.2,Cc1cccc(NC(=O)CSc2n[nH]c(COc3cccc(C)c3)n2)c1
pubchem_889,-10.2,Cc1ccc(OCC(=O)NCc2nnnn2-c2ccccc2)cc1
pubchem_905,-10.2,C=CCn1c(SCC(=O)Nc2ccccc2OCC)nnc1-c1ccccc1
pubchem_1711,-10.2,Cc1ccc(OCCN(C)C(=O)c2nc(C)n(-c3ccccc3Cl)n2)cc1
pubchem_1760,-10.2,CCOc1ccccc1NC(=O)Cn1nc2cc(-c3nc(C)no3)ccn2c1=O
pubchem_2023,-10.2,O=C(Nc1cccc(-c2nnc3n2CCCCC3)c1)C1=Cc2ccccc2OC1
pubchem_2027,-10.2,COCc1nnc(SCC(=O)NCc2ccccc2OC)n1-c1ccccc1
pubchem_2102,-10.2,CCOc1ccc(-n2nc(C(=O)Nc3ccc(C)cc3)nc2-c2ccccc2)cc1
pubchem_262,-10.19,CCOc1ccccc1-c1noc(CN2CCN(c3ccccc3OC)CC2)n1
pubchem_281,-10.19,COc1ccccc1N1CCN(C(=O)c2ncn(-c3cccc(C)c3)n2)CC1
pubchem_1560,-10.19,COc1ccc(N2CCN(C(=O)Cc3n[nH]c(C)n3)CC2)cc1OC1CCC1
pubchem_1965,-10.19,CC(C)Oc1cccc(CNC(=O)Nc2ccc(-c3n[nH]c(C4CC4)n3)cc2)c1
pubchem_2041,-10.19,Cc1ccccc1OCC(=O)NCc1nnnn1-c1cccc(F)c1
pubchem_126,-10.18,CCOc1ccccc1NC(=O)CSc1nnc(C)n1C1CCCCC1
pubchem_495,-10.18,COc1cccc(NC(=O)NCCc2n[nH]c(Cc3ccc(C)cc3)n2)c1
pubchem_511,-10.18,COc1cccc(CN(C)C(=O)Nc2ccc(-c3n[nH]c(C4CC4)n3)cc2)c1
pubchem_762,-10.18,Cc1ccc(Oc2ccccc2NC(=O)CSc2n[nH]c(C(C)(C)C)n2)cc1
pubchem_2069,-10.18,CC(C)(C)c1ccc(-c2n[nH]c(COc3ccccc3N)n2)cc1
pubchem_132,-10.17,CC(=O)Nc1ccc(OCc2nnc(N)n2-c2ccc(C)cc2)cc1
pubchem_361,-10.17,CCCCOc1cccc(-c2nc(Nc3ccc(N4CCOCC4)cc3)n[nH]2)c1
pubchem_571,-10.17,CCOc1ccccc1NC(=O)Cn1nnc(-c2ccc(CC)cc2)n1
pubchem_585,-10.17,O=C(COc1ccccc1)NCc1nnc2n1-c1ccccc1CC2
pubchem_626,-10.17,Cc1ccc(NC(=O)CSc2n[nH]c(COc3ccccc3C)n2)cc1
pubchem_670,-10.17,CCc1ccc(OCc2nnc(SCC(=O)Nc3ccccc3)n2C)cc1
pubchem_860,-10.17,CCn1c(COc2ccc(C)cc2)nnc1SCC(=O)Nc1ccc(C)cc1
pubchem_1660,-10.17,CCn1cnnc1-c1cccc(NC(=O)CCOc2ccccc2F)c1
pubchem_1904,-10.17,COc1ccccc1-n1c(C)nnc1SCC(=O)NCc1ccccc1
pubchem_1941,-10.17,Cc1ccc(C)c(OCc2nc(CC(=O)NCc3ccccc3)n[nH]2)c1
pubchem_2,-10.16,CCOc1ccc(NC(=O)CSc2nnc(Cc3ccccc3)n2CC)cc1
pubchem_85,-10.16,COc1ccc(-n2nnnc2CNC(=O)COc2cccc(C)c2)cc1
pubchem_515,-10.16,CCn1c(SCC(=O)Nc2ccccc2OC)nnc1C1CCCCC1
pubchem_1006,-10.16,Cn1c(COc2ccccc2C(=O)Nc2ccccc2)nnc1C1CCC1
pubchem_1236,-10.16,Cc1ccc(OCC(=O)NCc2nnnn2-c2cccc(F)c2)cc1
pubchem_1574,-10.16,Cc1ccc(NC(=O)COc2ccccc2-c2ncn[nH]2)cc1C
pubchem_1936,-10.16,Cc1ccc(-n2nnnc2CNC(=O)COc2ccccc2)cc1
pubchem_79,-10.15,COc1cccc(NC(=O)CSc2n[nH]c(COc3ccc(C)cc3)n2)c1
pubchem_391,-10.15,CCOc1ccc(NC(=O)CSc2nnc(Cc3ccccc3)n2C)cc1
pubchem_565,-10.15,C=CCn1c(COc2ccccc2)nnc1SCC(=O)Nc1ccc(C)cc1
pubchem_606,-10.15,COc1ccc(Cl)cc1NCCC(=O)Nc1cccc(-c2n[nH]c(C)n2)c1
pubchem_907,-10.15,CCOc1ccc(NC(=O)CSc2n[nH]c(Cc3ccccc3)n2)cc1
pubchem_926,-10.15,Cc1cc(C)c(OCC(=O)NCc2nncn2-c2ccccc2)c(C)c1
pubchem_35,-10.14,COCCOc1ccccc1NCc1nc(-c2ccc([N+](=O)[O-])cc2)no1
pubchem_86,-10.14,Cc1ccc(-n2nnnc2CNC(=O)COc2ccc(F)cc2)cc1
pubchem_114,-10.14,CCOc1cccc(NC(=O)c2nc(C)n(-c3ccccc3C(C)C)n2)c1
pubchem_211,-10.14,COc1ccc(NC(=O)NCCc2n[nH]c(Cc3cccc(C)c3)n2)cc1
pubchem_297,-10.14,COc1ccc(CCNC(=O)c2nc(C)n(-c3ccccc3C(C)C)n2)cc1
pubchem_315,-10.14,Cc1ccc(NC(=O)CSc2n[nH]c(COc3ccccc3C)n2)cc1F
pubchem_443,-10.14,Cc1cccc(C)c1OCC(=O)Nc1cccc(-c2ncn[nH]2)c1
pubchem_469,-10.14,CCc1ccccc1NC(=O)CSc1n[nH]c(COc2cccc(C)c2)n1
pubchem_473,-10.14,CCc1ccc(OCc2nc(SCC(=O)Nc3cc(C)cc(C)c3)n[nH]2)cc1
pubchem_1746,-10.14,CCN(C(=O)CSc1n[nH]c(COc2ccccc2F)n1)c1ccccc1
pubchem_2014,-10.14,CCn1c(Cc2ccccc2)nnc1SCC(=O)Nc1ccccc1OC
pubchem_50,-10.13,CC(C)c1ccccc1NC(=O)CSc1nnc(COc2ccccc2)n1N
pubchem_57,-10.13,CCOc1ccccc1NC(=O)CSc1nnc(-c2cccc(C)c2)n1CC
pubchem_198,-10.13,Cc1cccc(NC(=O)CSc2n[nH]c(COc3ccccc3)n2)c1
pubchem_549,-10.13,COc1ccc(NCc2nc(CC(=O)NCCc3ccccc3)n[nH]2)cc1
pubchem_676,-10.13,CCCCCCOc1ccccc1NC(=O)Cn1nnc(-c2ccccc2)n1
pubchem_733,-10.13,CCn1c(COc2ccccc2C)nnc1SCC(=O)Nc1ccccc1
pubchem_996,-10.13,COc1ccc(-n2nc(C(=O)NC3CCCCC3)nc2-c2ccccc2)cc1
pubchem_1110,-10.13,COc1ccc(F)cc1NC(=O)Nc1ccc(Cc2nnc3n2CCC3)cc1
pubchem_1228,-10.13,CCc1ccc(OCc2nc(SCC(=O)Nc3cccc(OC)c3)n[nH]2)cc1
pubchem_2103,-10.13,COc1ccccc1NC(=O)c1nc(-c2ccc(C)cc2)n(-c2ccccc2)n1
pubchem_156,-10.12,COc1ccc(NC(=O)c2nc(Cc3ccccc3)n(-c3ccccc3)n2)cc1
pubchem_658,-10.12,CCOc1ccc(CC(=O)Nc2cccc(-c3n[nH]c(C4CC4)n3)c2)cc1
pubchem_872,-10.12,Cc1ccc(NC(=O)CSc2n[nH]c(COc3ccccc3)n2)c(C)c1
pubchem_2050,-10.12,COc1ccc(NC(=O)NCCc2n[nH]c(Cc3ccc(C)cc3)n2)cc1
pubchem_38,-10.11,O=C(CCCOc1ccccc1)Nc1ccc(-c2n[nH]c(C3CC3)n2)cc1
pubchem_110,-10.11,CCCOc1ccc(NC(=O)c2nc(C)n(-c3ccc(F)cc3)n2)c(C)c1
pubchem_367,-10.11,Cc1cccc(OCC(=O)NCc2nnnn2-c2ccc(F)cc2)c1
pubchem_369,-10.11,Cc1ccc(-n2nnnc2CNC(=O)COc2ccccc2F)cc1
pubchem_390,-10.11,COc1ccccc1NC(=O)CSc1nnc(C)n1Cc1ccccc1
pubchem_648,-10.11,COCCOc1ccccc1NCc1nc(-c2cccc([N+](=O)[O-])c2)no1
pubchem_697,-10.11,COc1ccccc1N1CCN(C(=O)c2ncn(-c3ccccc3C)n2)CC1
pubchem_756,-10.11,Cc1cccc(OCc2nc(SCC(=O)Nc3cc(F)ccc3C)n[nH]2)c1
pubchem_825,-10.11,Cc1ccccc1OCCN(C)C(=O)c1nc(C)n(-c2ccc(F)cc2)n1
pubchem_975,-10.11,COc1ccccc1NC(=O)COc1cccc(-c2nnc3n2CCCC3)c1
pubchem_1884,-10.11,Cc1ccccc1-c1nnc(C)n1-c1ccc(OCC(=O)NC2CCCC2)cc1
pubchem_44,-10.1,O=C(NCc1nnc2n1CCC2)Nc1ccccc1COc1ccccc1
pubchem_138,-10.1,C=CCn1c(COc2ccccc2)nnc1SCC(=O)Nc1ccccc1C
pubchem_250,-10.1,COc1ccc(C)cc1NC(=O)CSc1n[nH]c(Cc2ccccc2)n1
pubchem_485,-10.1,CCOc1ccccc1C(=O)NCC(=O)Nc1cccc(-c2nncn2C)c1
pubchem_548,-10.1,COc1ccc(CNC(=O)Cc2n[nH]c(CNc3ccc(Cl)cc3)n2)cc1
pubchem_764,-10.1,COc1ccc(-n2nnnc2CNC(=O)COc2ccc(C)cc2)cc1
pubchem_1263,-10.1,Cc1ccc(OCC(=O)Nc2cccc(-c3n[nH]c(C4CC4)n3)c2)c(C)c1
pubchem_1455,-10.1,Cc1nc(-c2cccc(NC(=O)Cc3ccc(OC(C)C)cc3)c2)n[nH]1
pubchem_1921,-10.1,COc1ccccc1-n1c(C)nnc1SCC(=O)NCc1ccc(F)cc1
pubchem_1946,-10.1,COc1ccccc1-c1nc(NC(=O)Cn2c(=O)oc3ccccc32)n[nH]1
pubchem_332,-10.09,Cc1cccc(OCC(=O)NCc2nnnn2-c2cccc(F)c2)c1
pubchem_470,-10.09,CCc1ccc(NC(=O)CSc2n[nH]c(COc3ccc(C)cc3)n2)cc1
pubchem_895,-10.09,COc1ccccc1NC(=O)NCCc1n[nH]c(Cc2ccc(C)cc2)n1
pubchem_1253,-10.09,COc1ccc(C)cc1NC(=O)Cc1n[nH]c(Cc2ccccc2)n1
pubchem_128,-10.08,COc1ccccc1N(CCC#N)C(=O)CSc1n[nH]c(-c2ccccc2)n1
pubchem_1426,-10.08,COc1cccc(CCC(=O)Nc2cccc(-c3n[nH]c(C)n3)c2)c1
pubchem_247,-10.07,COc1ccccc1NC(=O)CSc1nnc(Cc2ccccc2)n1C
pubchem_656,-10.07,Cc1nc(C(=O)N(C)CCOc2ccc(F)cc2)nn1-c1ccccc1C(C)C
pubchem_818,-10.07,C=CCn1c(SCC(=O)Nc2ccccc2OCC)nnc1C1CCCC1
pubchem_884,-10.07,CCc1ccc(OCC(=O)Nc2cccc(-c3nncn3C)c2)cc1
pubchem_1061,-10.07,COc1ccccc1NC(=O)CCc1nnc(CCC(C)C)n1C1CC1
pubchem_53,-10.06,COc1ccccc1NC(=O)CSc1nnc(CNc2ccc(C)cc2)n1C
pubchem_72,-10.06,Cc1ccc(OCC(=O)Nc2ccc(CSc3n[nH]c(C)n3)cc2)cc1
pubchem_266,-10.06,CC(C)c1ccccc1NC(=O)CSc1n[nH]c(COc2ccccc2)n1
pubchem_329,-10.06,CCOc1ccccc1N1CCN(Cc2nc(-c3ccccc3OC)no2)CC1
pubchem_541,-10.06,COc1ccccc1NC(=O)Cc1noc(CN(C)Cc2ccccc2)n1
pubchem_1671,-10.06,Cc1nnc(-c2cccc(NC(=O)COc3cccc(C(F)(F)F)c3)c2)n1C
pubchem_2039,-10.06,COc1ccc(C)cc1NC(=O)CNc1cccc(-n2nnnc2C)c1
pubchem_189,-10.05,COc1ccccc1N1CC[NH+](Cc2nnnn2CCc2ccccc2)CC1
pubchem_222,-10.05,Cc1cccc(OCCCNC(=O)c2nc(C)n(-c3ccccc3Cl)n2)c1
pubchem_316,-10.05,Cc1ccccc1OCc1nc(SCC(=O)Nc2ccccc2)n[nH]1
pubchem_659,-10.05,CCCCN(C)c1ccc(C(=O)NCc2nc(-c3ccc(OC)cc3)n[nH]2)cc1
pubchem_918,-10.05,CCOc1ccccc1NC(=O)NCc1nnnn1-c1ccccc1
pubchem_1041,-10.05,C/N=C(/NCCOc1ccc(C)cc1)NCc1nncn1-c1ccccc1
pubchem_1348,-10.05,CC(C)c1nc(C(=O)Nc2ccc(OCCN)cc2)nn1-c1ccccc1F
pubchem_1915,-10.05,CCc1ccc(NC(=O)CSc2n[nH]c(COc3ccccc3C)n2)cc1
pubchem_1942,-10.05,Cc1ccc(C)c(OCc2nc(CC(=O)NNc3ccccc3)n[nH]2)c1
pubchem_244,-10.04,CCOc1ccccc1NC(=O)CSc1nnc(-c2ccc(C)cc2)n1C
pubchem_413,-10.04,CCn1cnnc1-c1cccc(NC(=O)COc2cccc(C)c2)c1
pubchem_769,-10.04,COc1ccc(OCC(=O)NCc2nnnn2-c2ccc(C)cc2)cc1
pubchem_1927,-10.04,Cc1cccc(NC(=O)CSc2n[nH]c(COc3ccc(C(C)C)cc3)n2)c1
pubchem_80,-10.03,COc1ccccc1NC(=O)NCc1nnnn1-c1ccc(C)cc1
pubchem_99,-10.03,CCOc1ccccc1N1CCN(Cc2nc(-c3ccccc3)no2)CC1
pubchem_167,-10.03,Cc1ccc(NC(=O)NCc2nnc3n2CCC3)c(OCc2ccccc2)c1
pubchem_512,-10.03,Cc1nc(SCC(=O)Nc2ccc(OCc3ccccc3)cc2)n[nH]1
pubchem_1833,-10.03,Cc1nc(-c2cccc(NC(=O)C3=Cc4ccccc4OC=C3)c2)n[nH]1
pubchem_1948,-10.03,COc1cccc(NC(=O)Cc2n[nH]c(Cc3cccc(C)c3)n2)c1
pubchem_19,-10.02,CCc1ccc(NC(=O)CSc2n[nH]c(COc3cccc(C)c3)n2)cc1
pubchem_143,-10.02,Cc1cccc(C)c1OCc1nc(SCC(=O)Nc2ccccc2)n[nH]1
pubchem_195,-10.02,CCc1nc(SCc2ccc(NC(=O)COc3ccc(C)cc3)cc2)n[nH]1
pubchem_431,-10.02,O=c1oc2ccccc2n1Cc1nc(Cc2ccccc2)n[nH]1
pubchem_832,-10.02,Cc1ccccc1-n1nc(C(=O)NCc2ccco2)nc1CCc1ccccc1
pubchem_1002,-10.02,COc1ccccc1NC(=O)c1nc(-c2cccc(C)c2)n(-c2ccccc2C)n1
pubchem_1495,-10.02,CCOc1ccccc1NC(=O)CCSc1nnc(-c2ccccc2)n1C
pubchem_1598,-10.02,CCN(C(=O)CSc1n[nH]c(COc2ccccc2)n1)c1ccccc1
pubchem_8,-10.01,COc1ccccc1NC(=O)CSc1n[nH]c(Cc2ccccc2)n1
pubchem_115,-10.01,O=C(CCCOc1ccc(F)cc1F)Nc1ccc(-c2n[nH]c(C3CC3)n2)cc1
pubchem_200,-10.01,Cc1cccc(OCc2nc(SCC(=O)Nc3ccccc3F)n[nH]2)c1
pubchem_423,-10.01,COc1ccc(NCc2nc(CC(=O)NCc3ccccc3Cl)n[nH]2)cc1
pubchem_632,-10.01,Cc1ccc(NC(=O)CSc2n[nH]c(COc3ccccc3)n2)cc1C
pubchem_862,-10.01,CCOc1ccccc1NC(=O)CSc1nnc(-c2ccccc2C)n1C
pubchem_922,-10.01,CCCN(CC(=O)Nc1ccccc1OC)Cc1nc(-c2ccc(C)cc2)no1
pubchem_1213,-10.01,CCOc1ccccc1NC(=O)CSc1n[nH]c(-c2ccc(CC)cc2)n1
pubchem_1303,-10.01,Cc1cccc(OCCCCC(=O)Nc2ccc(-c3n[nH]c(CN)n3)cc2)c1
pubchem_1866,-10.01,CCOc1ccccc1NC(=S)NCc1nc(-c2ccccc2C)no1
pubchem_116,-10.0,Cc1nc(-c2cccc(NC(=O)NCCOc3ccc(Cl)cc3)c2)n[nH]1
pubchem_117,-10.0,Cn1cnnc1-c1cccc(NC(=O)CCOc2ccccc2F)c1
pubchem_348,-10.0,Cc1nc(-c2cccc(NC(=O)NCCOc3cccc(Cl)c3)c2)n[nH]1
pubchem_721,-10.0,O=C(CCCOc1ccccc1F)Nc1ccc(-c2n[nH]c(C3CC3)n2)cc1
pubchem_821,-10.0,Cc1ccc(NC(=O)CSc2n[nH]c(COc3cccc(C)c3)n2)cc1
pubchem_1096,-10.0,Cc1ccc(C)c(OCCCCC(=O)Nc2ccc(-c3n[nH]c(CN)n3)cc2)c1
pubchem_1349,-10.0,Cc1ccc(OCCC(=O)Nc2ccc(-c3n[nH]c(CN)n3)cc2)cc1C
pubchem_1784,-10.0,CCOc1ccccc1NC(=O)C(=O)NCCCn1ccnc1-c1ccccc1
pubchem_363,-9.99,CCc1ccc(OCc2nc(SCC(=O)Nc3ccccc3CC)n[nH]2)cc1
pubchem_1243,-9.99,CC(=O)Nc1ccccc1OCc1noc(C(=O)NC2CCCCC2)n1
pubchem_1991,-9.99,CCc1ccccc1OCC(=O)NCc1nncn1-c1ccccc1
pubchem_66,-9.98,CCOc1ccc(N(CC)C(=O)CSc2n[nH]c(-c3ccccc3)n2)cc1
pubchem_259,-9.98,COc1ccc(C)cc1NC(=O)Cn1nnnc1-c1ccccc1
pubchem_1202,-9.98,CCc1ccccc1NC(=O)CSc1nnc(COc2ccccc2)n1N
pubchem_1602,-9.98,COc1ccc(-n2ncn(Cc3nc(-c4ccccc4)n[nH]3)c2=O)cc1
pubchem_1788,-9.98,NCc1nc(-c2ccc(NC(=O)c3ccccc3OCC3CC3)cc2)n[nH]1
pubchem_1834,-9.98,CCOc1ccccc1NC(=O)CNc1cccc(-c2nnnn2C)c1
pubchem_218,-9.97,Cc1cccc(OCC(=O)NNC(=O)c2nc(C)n(-c3ccc(F)cc3)n2)c1
pubchem_384,-9.97,Cc1ccc(OCCC(=O)Nc2ccc(-c3n[nH]c(C)n3)cc2)c(C)c1
pubchem_386,-9.97,Cc1cccc(OCCCNC(=O)Nc2cccc(-c3n[nH]c(C)n3)c2)c1
pubchem_433,-9.97,CCCCOc1cccc(CNC(=O)c2nc(C)n(-c3ccc(F)cc3)n2)c1
pubchem_461,-9.97,Cc1ccc(Oc2ccccc2NC(=O)CSc2n[nH]c(C)n2)cc1
pubchem_513,-9.97,Cc1ccc(OCc2nnc(SCC(=O)Nc3ccccc3)n2C)cc1
pubchem_712,-9.97,COc1ccc(C)cc1NC(=O)Cc1n[nH]c(Cc2ccc(Cl)cc2)n1
pubchem_847,-9.97,COc1ccccc1NC(=O)Cc1n[nH]c(Cc2cccc(C)c2)n1
pubchem_1226,-9.97,Cc1ccc(OCc2nc(SCC(=O)Nc3ccccc3)n[nH]2)cc1
pubchem_1247,-9.97,Cc1nc(-c2ccc(NC(=O)CCOc3cccc(Cl)c3)cc2)n[nH]1
pubchem_18,-9.96,Cc1ccccc1NC(=O)CSc1n[nH]c(COc2ccccc2)n1
pubchem_256,-9.96,Cc1ccccc1OCc1nc(SCC(=O)Nc2ccccc2F)n[nH]1
pubchem_328,-9.96,CC(=O)Nc1ccc(OCc2noc(C(=O)NCc3ccc(F)cc3)n2)cc1
pubchem_533,-9.96,COc1ccccc1NC(=O)Cc1noc(CN(C)Cc2ccc(F)cc2)n1
pubchem_743,-9.96,CCOc1ccccc1NC(=O)Cn1nnc(-c2ccc(C)cc2)n1
pubchem_828,-9.96,CCc1nc(SCC(=O)Nc2ccccc2Oc2ccccc2)n[nH]1
pubchem_1114,-9.96,Cc1nc(CN2CCN(C3=Nc4ccccc4Oc4ccccc43)CC2)n[nH]1
pubchem_1415,-9.96,Cc1nc(C(=O)Nc2ccc(OCCN)cc2)nn1-c1ccccc1C(C)C
pubchem_330,-9.95,Cc1ccccc1OCc1nnc(SCC(=O)NC2CC2)n1-c1ccccc1
pubchem_411,-9.95,Cc1ccc(OCc2nc(SCC(=O)Nc3cc(C)cc(C)c3)n[nH]2)cc1
pubchem_536,-9.95,CCc1cccc(C)c1NC(=O)CSc1n[nH]c(COc2ccccc2)n1
pubchem_740,-9.95,COc1ccccc1NC(=O)CSc1nnc(COc2ccccc2C)n1C
pubchem_925,-9.95,CCn1cnnc1-c1cccc(NC(=O)COc2ccc(C)cc2)c1
pubchem_1912,-9.95,CCOc1ccccc1NC(=O)CSc1n[nH]c(N/N=C\c2ccccc2)n1
pubchem_1924,-9.95,CCOc1ccccc1NC(=O)CSc1nnc(C2CCCCC2)n1C
pubchem_1959,-9.95,O=C(Cc1ncn[nH]1)N1CCCc2cc(OCc3ccccc3)ccc21
pubchem_323,-9.94,Cc1ccc(F)cc1NC(=O)CSc1n[nH]c(COc2ccccc2)n1
pubchem_501,-9.94,COc1ccc(-c2nc(C(=O)NCc3ccccc3)nn2-c2ccccc2)cc1
pubchem_605,-9.94,Cc1nc(-c2cccc(NC(=O)COc3ccccc3[N+](=O)[O-])c2)n[nH]1
pubchem_758,-9.94,CCc1ccc(OCc2nc(SCC(=O)Nc3cccc(C)c3)n[nH]2)cc1
pubchem_822,-9.94,Cc1ccccc1OCC(=O)NCc1nnnn1-c1ccc(F)cc1
pubchem_1000,-9.94,CCOc1ccc(NC(=O)c2nc(-c3ccc(C)cc3)n(-c3ccccc3)n2)cc1
pubchem_1350,-9.94,CC(C)COc1ccc(CC(=O)Nc2ccc(-c3n[nH]c(CN)n3)cc2)cc1
pubchem_1452,-9.94,CC(C)c1cccc(OCC(=O)Nc2ccc(-c3n[nH]c(CN)n3)cc2)c1
pubchem_1691,-9.94,Cc1ccc(-c2noc(CNc3ccccc3OC(C)C)n2)cc1
pubchem_1719,-9.94,Cc1ccc(N2CCn3nc(COc4ccccc4)nc3C2=O)cc1
pubchem_61,-9.93,CCOc1ccccc1NC(=O)CSc1nnc(-c2ccccc2C)n1CC
pubchem_199,-9.93,CCc1ccccc1NC(=O)CSc1n[nH]c(COc2ccccc2)n1
pubchem_279,-9.93,Cc1ccccc1OCC(=O)NCc1nnnn1-c1ccccc1
pubchem_289,-9.93,COc1ccccc1CNC(=O)Cn1c(=O)c2nnc(C)n2c2ccccc21
pubchem_415,-9.93,O=C(CNc1ccc(-c2nnnn2C2CC2)cc1)NCCOc1ccccc1
pubchem_660,-9.93,COc1ccc(-c2n[nH]c(CNC(=O)CCOc3ccc(C(C)C)cc3)n2)cc1
pubchem_904,-9.93,CCOc1ccccc1NC(=O)CSc1nnc(-c2cccc(C)c2)n1C
pubchem_989,-9.93,CC(C)(C)c1ccccc1OCC(=O)Nc1ccc(-c2n[nH]c(CN)n2)cc1
pubchem_1105,-9.93,Cc1ccc(OC(C)(C)C(=O)Nc2ccc(-c3n[nH]c(C)n3)cc2)cc1
pubchem_1235,-9.93,Cn1cnnc1-c1cccc(NC(=O)CNC(=O)COc2ccccc2)c1
pubchem_1245,-9.93,COc1ccc(NC(=O)NCCc2n[nH]c(Cc3ccc(C)cc3)n2)c(OC)c1
pubchem_2049,-9.93,COc1ccc(-n2ccn3c(CCC(=O)NCCC(C)C)nnc3c2=O)cc1
pubchem_2109,-9.93,CCOc1ccccc1NC(=O)C1=C(C)Nc2nc(-c3ccccc3)nn2C1
pubchem_1097,-9.92,Cc1cc(OCCCC(=O)Nc2ccc(-c3n[nH]c(CN)n3)cc2)ccc1Cl
pubchem_1302,-9.92,CC(C)c1ccc(OCCC(=O)Nc2ccc(-c3n[nH]c(CN)n3)cc2)cc1
pubchem_1949,-9.92,COc1ccc(NC(=O)Cc2n[nH]c(Cc3cccc(C)c3)n2)cc1
pubchem_1951,-9.92,O=C(CN1C(=O)COc2ccccc21)Nc1n[nH]c(-c2ccncc2)n1
pubchem_1972,-9.92,Cc1ccc(-n2ccn3nc(COc4ccccc4)nc3c2=O)cc1
pubchem_1152,-9.91,Cc1nnc(COc2cccc(NC(=O)c3ccccc3)c2)n1C1CC1
pubchem_1424,-9.91,COc1ccc(NC(=O)CCc2ncn[nH]2)cc1NC(=O)C1CCCCC1
pubchem_1544,-9.91,COc1ccc(C)cc1NC(=O)CSc1nnc(COc2ccccc2)n1C
pubchem_285,-9.9,CCc1ccc(OCC(=O)NCc2nncn2-c2ccccc2)cc1
pubchem_589,-9.9,O=C(NCc1ccco1)c1nc(CCc2ccccc2)n(-c2ccccc2)n1
pubchem_1498,-9.9,COc1ccc(-n2nc(C(=O)NCc3ccccc3)nc2-c2ccccc2)cc1
pubchem_343,-9.89,COc1ccc(C)cc1NC(=O)Cc1n[nH]c(Cc2ccc(C)cc2)n1
pubchem_427,-9.89,COc1ccc(NC(=O)NCc2nc(Cc3ccccc3)no2)cc1
pubchem_668,-9.89,COc1ccc(Cc2nnc(SCC(=O)Nc3ccccc3OC)n2C)cc1
pubchem_875,-9.89,CCc1ccc(OCc2nc(SCC(=O)Nc3ccccc3C)n[nH]2)cc1
pubchem_988,-9.89,COc1ccc(CCCC(=O)Nc2ccc(-c3n[nH]c(CN)n3)cc2)cc1
pubchem_1305,-9.89,Cc1ccc(OCCCC(=O)Nc2ccc(-c3n[nH]c(CN)n3)cc2)cc1C
pubchem_1922,-9.89,COc1ccccc1CN(C)C(=O)c1nc(C)n(-c2ccc(F)cc2)n1
pubchem_2006,-9.89,CCOc1ccc(-n2nc(C(=O)NCc3ccccc3)nc2-c2ccccc2)cc1
pubchem_357,-9.88,COc1ccccc1NC(=O)CSc1n[nH]c(-c2cccc(NC(C)=O)c2)n1
pubchem_472,-9.88,CCc1ccc(OCc2nc(SCC(=O)Nc3ccc(C)cc3C)n[nH]2)cc1
pubchem_631,-9.88,COc1cccc(CNC(=O)COC(=O)c2nc(C)n(-c3ccc(F)cc3)n2)c1
pubchem_720,-9.88,C=CCc1ccc(OCC(=O)Nc2cccc(-c3n[nH]c(C)n3)c2)c(OC)c1
pubchem_906,-9.88,COc1ccc(Cc2nc(SCC(=O)Nc3ccccc3)n[nH]2)cc1
pubchem_1108,-9.88,CCOc1ccccc1C(=O)NCC(=O)Nc1cccc(-c2n[nH]c(C)n2)c1
pubchem_1278,-9.88,Cc1nc(-c2cccc(NC(=O)CCCOc3ccc(F)cc3)c2)n[nH]1
pubchem_1923,-9.88,O=C(CN1C(=O)CCOc2ccccc21)Nc1nnc(Cc2ccccc2)s1
pubchem_1975,-9.88,O=C(NCCc1ncn[nH]1)Nc1ccc(OCC2CCCCC2)cc1
pubchem_206,-9.87,CCOc1ccccc1NC(=O)CNc1ccc(-c2nnnn2C2CC2)cc1
pubchem_909,-9.87,COc1ccccc1NC(=O)Cc1nnc(SCCOc2ccccc2)n1C
pubchem_1589,-9.87,CC(C)Oc1ccccc1NC(=O)NCc1nncn1-c1ccccc1
pubchem_2046,-9.87,COc1ccccc1CNC(=O)c1nc(COc2ccccc2NC(C)=O)no1
pubchem_2116,-9.87,Cc1nc(C2CCN(C(=O)CN3C(=O)COc4ccc(Cl)cc43)CC2)n[nH]1
pubchem_165,-9.86,Cc1cccc(-n2nc(C)nc2Cc2ccc3c(c2)NC(=O)CO3)c1
pubchem_212,-9.86,Cc1ccc(NCc2nnnn2-c2ccccc2)c(OCC(=O)N(C)C)c1
pubchem_578,-9.86,O=C(NCCOc1ccccc1)c1nc(-c2ccccc2)n(-c2ccccc2)n1
pubchem_753,-9.86,CC(C)Oc1cccc(-c2nc(Nc3ccc(N4CCOCC4)cc3)n[nH]2)c1
pubchem_858,-9.86,Cc1ccc(NC(=O)CSc2nnc(COc3ccccc3)n2N)cc1
pubchem_938,-9.86,O=C(COc1cccc(F)c1)Nc1ccc(-c2n[nH]c(C3CC3)n2)cc1
pubchem_1903,-9.86,C=CCN(Cc1nc(-c2cccc(C)c2)no1)C(=O)Nc1ccccc1OC
pubchem_2045,-9.86,CC(=O)Nc1ccccc1OCc1noc(C(=O)NCc2ccccc2)n1
pubchem_2057,-9.86,COc1ccc(C)cc1NC(=O)Cc1n[nH]c(Cc2cccc(C)c2)n1
pubchem_208,-9.85,Cc1cccc(-n2nc(C(=O)NCc3ccco3)nc2CCc2ccccc2)c1
pubchem_695,-9.85,COc1ccc(C)cc1NC(=O)CSc1nnc(C2CC2)n1CC(N)=O
pubchem_890,-9.85,O=C(Cc1n[nH]c(COc2ccccc2)n1)NCCc1ccccc1
pubchem_1274,-9.85,COc1ccccc1-n1ncnc1-c1ccc(N2CC(=O)NC2=O)cc1
pubchem_1794,-9.85,Cn1c(CC(=O)Nc2cccc(OCC(N)=O)c2)nnc1-c1ccccc1
pubchem_221,-9.84,CCOc1ccc(-c2noc(CN(C)CC(=O)Nc3ccccc3)n2)cc1
pubchem_294,-9.84,CCOc1ccc(C(=O)NCC(=O)Nc2cccc(-c3n[nH]c(C)n3)c2)cc1
pubchem_380,-9.84,COc1ccccc1NC(=O)Cc1n[nH]c(Cc2ccc(C)cc2)n1
pubchem_410,-9.84,Cc1cccc(OCc2nc(SCC(=O)Nc3ccccc3C)n[nH]2)c1
pubchem_518,-9.84,Cc1ccccc1OCc1nc(SCC(=O)Nc2cccc(F)c2)n[nH]1
pubchem_775,-9.84,Cc1cccc(C)c1OCC(=O)NCc1nncn1-c1ccccc1
pubchem_779,-9.84,Cc1ccc(-c2noc(CNc3ccc(C)cc3OCC(=O)N(C)C)n2)cc1
pubchem_815,-9.84,Cc1cccc(OCCNC(=O)c2nc(C)n(-c3ccc(F)cc3)n2)c1
pubchem_865,-9.84,CCc1ccc(-c2noc(C[NH+]3CCN(c4ccccc4OC)CC3)n2)cc1
pubchem_1306,-9.84,COc1ccccc1NCC(=O)N1CCC(c2nnc3n2CCNC3)CC1
pubchem_1353,-9.84,COc1ccccc1NC(=O)CSc1nnc(-c2ccccc2)n1CC(C)C
pubchem_1407,-9.84,CN1C(=O)COc2ccc(NCc3nnc(-c4ccccc4)n3C)cc21
pubchem_1453,-9.84,CC(C)c1ccc(OCC(=O)Nc2ccc(-c3n[nH]c(CN)n3)cc2)cc1
pubchem_425,-9.83,Cc1nc(C)n(CC(=O)Nc2ccc(OCC(=O)N3CCCCC3)cc2)n1
pubchem_563,-9.83,CN(CCOc1ccc(F)cc1)C(=O)Nc1ccc(-c2n[nH]c(C3CC3)n2)cc1
pubchem_636,-9.83,CCN(CC(=O)Nc1ccccc1OC)Cc1nc(-c2ccccc2OC)no1
pubchem_881,-9.83,CCOc1ccccc1NC(=O)CN1CCN(Cc2nc(C(C)C)no2)CC1
pubchem_310,-9.82,CCn1c(CC(=O)Nc2ccc(C)cc2)nnc1SCCOc1ccccc1
pubchem_458,-9.82,CC(C)Oc1ccc(-c2nc(Nc3ccc(N4CCOCC4)cc3)n[nH]2)cc1
pubchem_812,-9.82,Cc1ccccc1OCc1nc(SCC(=O)Nc2ccc(F)c(F)c2)n[nH]1
pubchem_940,-9.82,CCc1nnc2c(=O)n(CC(=O)NCc3cccc(OC)c3)c3ccccc3n12
pubchem_1122,-9.82,COc1ccc(C)cc1NC(=O)NCc1nncn1-c1ccccc1
pubchem_1721,-9.82,COc1ccccc1-n1nc(Cc2cccc(Cl)c2)nc1CNC(C)=O
pubchem_1792,-9.82,CCOc1ccccc1NCc1nc(-c2ccc(CC)cc2)no1
pubchem_1888,-9.82,COc1ccccc1-n1cnc(C(=O)Nc2ccccc2-c2ccccc2)n1
pubchem_84,-9.81,COc1ccc(C)cc1NC(=O)CNc1ccc(-c2nnnn2C2CC2)cc1
pubchem_162,-9.81,COc1ccccc1NC(=O)c1nc(-c2ccccc2)n(-c2ccccc2C)n1
pubchem_216,-9.81,CCc1ccccc1NC(=O)NCCc1nc(-c2ccc(OC)cc2)n[nH]1
pubchem_532,-9.81,COc1ccc(NCc2nnc(SCC(=O)NCc3ccccc3)n2N)cc1
pubchem_560,-9.81,Nc1nnnn1CC(=O)Nc1ccccc1OCCCc1ccccc1
pubchem_633,-9.81,COc1cccc(NC(=O)CSc2n[nH]c(COc3cccc(C)c3)n2)c1
pubchem_930,-9.81,Cc1ccc(-n2nc(C(=O)NCCOc3ccccc3)nc2-c2ccoc2)cc1
pubchem_1094,-9.81,Cc1cc(C)c(C)c(OCCC(=O)Nc2ccc(-c3n[nH]c(CN)n3)cc2)c1
pubchem_1257,-9.81,CCN(Cc1ccc(OC)cc1)C(=O)c1nc(C)n(-c2ccc(F)cc2)n1
pubchem_1379,-9.81,Cc1ccc(OCCC(=O)Nc2cccc(-c3ncn[nH]3)c2)cc1
pubchem_1567,-9.81,COc1ccccc1NC(=O)CCSc1nnc(-c2ccccc2)n1C
pubchem_1878,-9.81,CCOc1ccc(-n2nc(C(=O)Nc3ccccc3C)nc2-c2ccccc2)cc1
pubchem_2074,-9.81,Cc1nc(C2CCN(C(=O)CN3C(=O)COc4ccccc43)CC2)n[nH]1
pubchem_436,-9.8,COc1cccc(CNC(=O)Nc2cccc(-c3n[nH]c(C)n3)c2)c1
pubchem_573,-9.8,CCOc1ccccc1NC(=O)CSc1n[nH]c(COc2ccccc2C)n1
pubchem_749,-9.8,Cc1ccc(OCCNC(=O)c2nc(C)n(-c3ccc(Cl)cc3)n2)cc1
pubchem_1550,-9.8,c1ccc(-c2noc(CNc3ccccc3OCC3CC3)n2)cc1
pubchem_25,-9.79,Cc1ccc(-c2nc(NC(=O)CN3C(=O)COc4ccc(Cl)cc43)n[nH]2)cc1
pubchem_306,-9.79,CCOc1ccc(NC(=O)CSc2n[nH]c(CNc3ccc(C)cc3)n2)cc1
pubchem_490,-9.79,COc1ccccc1N1CCN(C(=O)c2nc(C)n(-c3ccccc3)n2)CC1
pubchem_1304,-9.79,COc1ccc(OCCCC(=O)Nc2ccc(-c3n[nH]c(CN)n3)cc2)cc1
pubchem_1905,-9.79,CCOc1ccccc1NC(=O)CSc1n[nH]c(-c2ccccc2C)n1
pubchem_149,-9.78,CCOc1ccccc1NC(=O)CSc1nnc(C2CC2)n1CC(N)=O
pubchem_170,-9.78,Cc1nc(C(=O)Nc2ccccc2OC(C)C)nn1-c1ccc(F)cc1
pubchem_280,-9.78,Cc1ccccc1-n1nc(C(=O)NCCOc2ccccc2)nc1C
pubchem_360,-9.78,COc1ccc(-n2nc(C(=O)N(C)C3CCCCC3)nc2-c2ccccc2)cc1
pubchem_466,-9.78,CCc1ccc(NC(=O)CSc2n[nH]c(COc3ccccc3)n2)cc1
pubchem_496,-9.78,CCOc1ccc(NC(=O)NCCc2n[nH]c(Cc3ccc(C)cc3)n2)cc1
pubchem_535,-9.78,Cc1cccc(C)c1NC(=O)CSc1n[nH]c(COc2ccccc2)n1
pubchem_761,-9.78,COc1ccccc1NC(=O)N(Cc1nc(-c2ccc(C)cc2)no1)C(C)C
pubchem_838,-9.78,Cc1cccc(OCC(=O)NCc2nncn2-c2ccccc2)c1
pubchem_908,-9.78,COc1ccccc1NC(=O)N(C)Cc1nc(-c2cccc(C)c2)no1
pubchem_1101,-9.78,CCOc1ccc(-n2nc(C(=O)Nc3ccccc3)nc2-c2ccccc2)cc1
pubchem_1740,-9.78,CC(C)(C)c1ccc(OCC(=O)Nc2ccc(-c3n[nH]c(CN)n3)cc2)cc1
pubchem_123,-9.77,COc1ccccc1-n1c(CNC(=O)c2ccccc2)nnc1SC
pubchem_442,-9.77,Cc1ccccc1OCCNC(=O)Nc1ccc(-c2n[nH]c(C3CC3)n2)cc1
pubchem_519,-9.77,CCOc1ccccc1NC(=O)CSc1nnc(-c2cccc(OC)c2)n1C
pubchem_637,-9.77,CCOc1ccc(Cc2nnc3c(=O)n(-c4ccccc4)ccn23)cc1OCC
pubchem_807,-9.77,C=CCN(Cc1nc(-c2ccc(C)cc2)no1)C(=O)Nc1ccccc1OC
pubchem_920,-9.77,Cc1ccc(OCc2nc(SCC(=O)Nc3ccc(C)c(C)c3)n[nH]2)cc1
pubchem_1045,-9.77,COCCOc1ccc(CC(=O)Nc2cccc(-c3n[nH]c(C)n3)c2)cc1
pubchem_1377,-9.77,Cc1cccc(C)c1Oc1ccccc1NCc1nc(C2CC2)no1
pubchem_1411,-9.77,C/N=C(/NCc1ccc(N2CCCC2=O)cc1)NCc1nc(-c2ccco2)n[nH]1
pubchem_1698,-9.77,CC(C)c1nc(C(=O)Nc2ccc(OCCN)cc2)nn1-c1cccc(F)c1
pubchem_29,-9.76,COc1ccc(CNC(=O)Cc2n[nH]c(CNc3ccc(C)cc3)n2)cc1
pubchem_191,-9.76,COc1ccccc1NC(=O)CSc1n[nH]c(COc2ccccc2C)n1
pubchem_263,-9.76,Cc1cccc(OCCC(=O)Nc2cccc(-c3nnc4n3CCCCC4)c2)c1
pubchem_528,-9.76,Cc1ccccc1OCCC(=O)Nc1cccc(-c2nnc3n2CCCCC3)c1
pubchem_680,-9.76,Cc1ccc(OCC(=O)Nc2ccc(-c3nnc4n3CCCCC4)cc2)cc1C
pubchem_735,-9.76,CCOc1ccccc1NC(=O)CSc1nnc(-c2ccccc2OC)n1C
pubchem_935,-9.76,COc1ccc(-n2ccn3c(CCC(=O)NCC(C)C)nnc3c2=O)cc1
pubchem_1880,-9.76,Cc1ccccc1NC(=O)CSc1n[nH]c(COc2ccccc2F)n1
pubchem_75,-9.75,COc1ccc(C)cc1NC(=O)CSc1n[nH]c(COc2ccccc2)n1
pubchem_95,-9.75,C=CCOc1ccc(CN(C)C(=O)c2nc(C)n(-c3ccc(F)cc3)n2)cc1
pubchem_268,-9.75,COc1ccc(C)cc1NC(=O)CSc1n[nH]c(COc2cccc(C)c2)n1
pubchem_546,-9.75,CCNC(=O)CSc1nnc(COc2ccccc2C)n1-c1ccccc1
pubchem_574,-9.75,CCOc1ccccc1NC(=O)Cn1nnnc1-c1ccccc1
pubchem_719,-9.75,Cc1cccc(-c2noc(CNc3ccccc3OCC(F)(F)F)n2)c1
pubchem_852,-9.75,Cc1cccc(C)c1N(Cc1ncn[nH]1)C(=O)COc1ccccc1
pubchem_876,-9.75,CCc1ccc(NC(=O)CSc2n[nH]c(COc3ccc(CC)cc3)n2)cc1
pubchem_1417,-9.75,Cc1ccc(C(C)C)c(OCC(=O)Nc2ccc(-c3n[nH]c(CN)n3)cc2)c1
pubchem_1733,-9.75,COCCOc1cccc(NCc2nc(Cc3ccccc3)no2)c1
pubchem_2018,-9.75,CCOc1ccccc1NC(=O)CSc1nnc(-c2ccc(C)cc2)n1CC
pubchem_2034,-9.75,Cc1ccc(NC(=O)CSc2n[nH]c(COc3ccc(C(C)C)cc3)n2)cc1
pubchem_2089,-9.75,c1cc2c(c(-c3n[nH]c(C4CCCCC4)n3)c1)OCCN2
pubchem_21,-9.74,Cc1ccc(OCc2nc(SCC(=O)Nc3ccc(C(C)C)cc3)n[nH]2)cc1
pubchem_62,-9.74,Cc1ccccc1OCc1nc(SCC(=O)Nc2cc(F)ccc2F)n[nH]1
pubchem_325,-9.74,Cc1ccc(OCc2nc(SCC(=O)Nc3cc(F)ccc3C)n[nH]2)cc1
pubchem_352,-9.74,CCn1c(COc2ccc(C)cc2)nnc1SCC(=O)Nc1ccccc1
pubchem_526,-9.74,CCOc1ccc(NC(=O)CSc2n[nH]c(COc3ccccc3C)n2)cc1
pubchem_616,-9.74,CCOc1ccc(C(C)=O)cc1NC(=O)N1CCC(c2n[nH]c(C)n2)CC1
pubchem_651,-9.74,Cc1nc(-c2ccccc2NC(=O)CCCOc2cccc(F)c2)n[nH]1
pubchem_710,-9.74,CCCOc1ccccc1NC(=O)Cn1nnc(-c2ccccc2)n1
pubchem_814,-9.74,COc1ccccc1NC(=O)N(Cc1nc(-c2cccc(C)c2)no1)C(C)C
pubchem_1358,-9.74,Cc1ccc(NC(=O)CSc2n[nH]c(COc3ccccc3F)n2)cc1
pubchem_1508,-9.74,CCn1cnnc1-c1cccc(NC(=O)CCOc2ccc(OC)cc2)c1
pubchem_1510,-9.74,CCOc1ccccc1CNC(=O)c1nc(C)n(-c2ccc(F)cc2)n1
pubchem_1639,-9.74,CC(C)COc1cccc(C(=O)Nc2ccc(-c3n[nH]c(CN)n3)cc2)c1
pubchem_1919,-9.74,COc1ccccc1NC(=O)N(Cc1nc(-c2ccc(C)cc2)no1)C(C)(C)C
pubchem_58,-9.73,CCOc1ccccc1NC(=O)Cn1nnc(-c2ccccc2)n1
pubchem_142,-9.73,COc1ccc(C)cc1NC(=O)CSc1n[nH]c(COc2ccc(C)cc2)n1
pubchem_314,-9.73,COc1ccc(C)cc1NC(=O)CSc1nnc(Cc2ccccc2)n1N
pubchem_1020,-9.73,CCn1cnnc1-c1ccccc1NC(=O)COc1ccc(C)cc1
pubchem_1363,-9.73,CC(C)Oc1ccccc1CNC(=O)c1ncn(-c2ccccc2)n1
pubchem_1376,-9.73,O=C(NCc1nncn1C1CC1)Nc1ccccc1Oc1ccccc1
pubchem_1503,-9.73,COc1ccccc1-n1nc(CC(N)=O)nc1-c1cccc(N2CCCC2=O)c1
pubchem_1916,-9.73,COc1ccc(OC)c(NC(=O)CSc2n[nH]c(Cc3ccccc3)n2)c1
pubchem_28,-9.72,Cc1cccc(-n2nc(C(=O)NCCOc3ccccc3)nc2-c2ccccc2)c1
pubchem_83,-9.72,Cc1ccc(-c2nc(NC(=O)CNC(=O)COc3ccccc3)n[nH]2)cc1
pubchem_190,-9.72,CCOc1ccccc1NC(=O)CSc1nnc(Cc2ccccc2)n1N
pubchem_347,-9.72,COc1ccc(CNC(=O)c2nc(C)n(-c3ccccc3C(C)C)n2)cc1F
pubchem_441,-9.72,CCOc1cccc(CNC(=O)c2nc(C)n(-c3ccccc3Cl)n2)c1
pubchem_703,-9.72,CC(=O)Nc1ccccc1OCc1noc(C(=O)NCc2cccc(F)c2)n1
pubchem_803,-9.72,COc1ccc(NC(=O)CSc2n[nH]c(CNc3cccc(C)c3)n2)cc1
pubchem_987,-9.72,CC(C)Oc1cccc(CC(=O)Nc2ccc(-c3n[nH]c(CN)n3)cc2)c1
pubchem_1141,-9.72,Cc1ccccc1OCC(=O)NCc1ncn(-c2ccccc2)n1
pubchem_1241,-9.72,O=C(Cc1n[nH]c(COc2ccccc2)n1)NCCc1ccc(F)cc1
pubchem_1406,-9.72,COc1ccccc1NC(=O)Nc1ccc(-c2nnc3n2CCCC3)cc1
pubchem_2062,-9.72,COc1ccc(OCC(=O)Nc2ccc(-c3n[nH]c(C4CC4)n3)cc2)cc1
pubchem_178,-9.71,C=CCn1c(SCC(=O)Nc2ccccc2OC)nnc1-c1ccccc1
pubchem_757,-9.71,COc1ccccc1NC(=O)CSc1n[nH]c(COc2c(C)cccc2C)n1
pubchem_947,-9.71,Cc1cccc(OCCNC(=O)Cn2nc(C)nc2-c2ccccc2)c1
pubchem_1082,-9.71,CCOc1ccccc1NC(=O)CCN1CCC(c2nncn2C)CC1
pubchem_1720,-9.71,Cc1ccc(C)c(NC(=O)C(=O)NCc2nc(-c3ccco3)n[nH]2)c1
pubchem_2044,-9.71,CC(C)(C)c1ccc(OCc2nc(CC(=O)NCc3ccccc3)n[nH]2)cc1
pubchem_2114,-9.71,CCOc1ccc(-n2ccn3c(-c4ccccc4)nnc3c2=O)cc1
pubchem_104,-9.7,COc1ccccc1NC(=O)Cc1n[nH]c(Cc2ccc(Cl)cc2)n1
pubchem_789,-9.7,COc1ccc(NC(=O)Cc2n[nH]c(Cc3ccc(C)cc3)n2)cc1
pubchem_1123,-9.7,COc1ccc(C)cc1NC(=O)CCN1CCC(c2n[nH]c(C)n2)CC1
pubchem_1297,-9.7,CCOc1ccccc1NC(=S)NCc1nc(-c2cccc(C)c2)no1
pubchem_1467,-9.7,Cc1nc(C(=O)Nc2ccc(OC(F)(F)F)cc2)nn1Cc1ccccc1
pubchem_1758,-9.7,CN(Cc1cccc(OCCCNc2n[nH]c(CO)n2)c1)c1ccccc1
pubchem_1934,-9.7,Cc1ccccc1OCc1nnc(SCC(=O)NC(C)C)n1-c1ccccc1
pubchem_1960,-9.7,Cn1ccn2c(CN3CCOc4cc(CN)ccc43)nnc2c1=O
pubchem_194,-9.69,CCCCOc1ccc(-c2nc(Nc3ccc(N4CCOCC4)cc3)n[nH]2)cc1
pubchem_209,-9.69,COc1ccc(NCc2nc(CC(=O)NCCc3ccc(F)cc3)n[nH]2)cc1
pubchem_333,-9.69,Cc1nc(SCC(=O)Nc2ccccc2Oc2ccccc2)n[nH]1
pubchem_378,-9.69,COc1ccccc1-n1nc(CCc2ccccc2)nc1C(=O)N1CCCC1
pubchem_417,-9.69,CCCNC(=O)CSc1nnc(COc2ccccc2C)n1-c1ccccc1
pubchem_462,-9.69,CCOc1ccccc1NC(=O)CSc1nnc(C2CCCC2)n1CC
pubchem_562,-9.69,COc1ccccc1NC(=O)Cc1n[nH]c(Cc2ccccc2)n1
pubchem_691,-9.69,CCc1ccc(OCc2nc(SCC(=O)Nc3ccc(OC)cc3)n[nH]2)cc1
pubchem_1231,-9.69,CCn1cnnc1-c1cccc(NC(=O)COc2ccccc2)c1
pubchem_1864,-9.69,CCOc1ccccc1NC(=O)NCc1nncn1-c1ccccc1
pubchem_78,-9.68,Cc1cccc(OCc2nc(SCC(=O)Nc3ccc(C(C)C)cc3)n[nH]2)c1
pubchem_94,-9.68,N#Cc1ccccc1OCC(=O)NCc1nncn1-c1ccccc1
pubchem_359,-9.68,COc1ccc(C)cc1NC(=O)Cn1nnc(COc2ccccc2)n1
pubchem_421,-9.68,COc1ccccc1-n1c(Cc2ccccc2)nnc1SCC(=O)NC(C)C
pubchem_694,-9.68,CCCN(CC(=O)Nc1ccccc1OC)Cc1nc(-c2ccc(F)cc2)no1
pubchem_787,-9.68,CCOc1ccccc1CNC(=O)Cc1nc(-c2ccccc2)n[nH]1
pubchem_788,-9.68,COc1cccc(NC(=O)Cc2n[nH]c(Cc3ccc(C)cc3)n2)c1
pubchem_844,-9.68,CCOc1ccccc1CNC(=O)c1nc(-c2ccc(N(C)C)cc2)no1
pubchem_874,-9.68,Cc1cccc(OCc2nc(SCC(=O)Nc3ccc(F)cc3)n[nH]2)c1
pubchem_910,-9.68,CCOc1ccccc1NC(=O)CSc1n[nH]c(-c2ccc(C)cc2)n1
pubchem_921,-9.68,Cc1ccc(OCc2nc(SCC(=O)Nc3ccc(F)cc3)n[nH]2)cc1
pubchem_1277,-9.68,CCOc1cccc(CNC(=O)c2nc(C)n(-c3ccc(Cl)cc3)n2)c1
pubchem_1460,-9.68,Cc1ccc(NC(=O)CSc2nnc(COc3ccc(C)cc3)n2N)cc1
pubchem_1738,-9.68,CCN(Cc1ccc(C)o1)C(=O)Nc1ccc(Cc2n[nH]c(C)n2)cc1
pubchem_213,-9.67,CC(=O)CCc1ccc(OCC(=O)Nc2ccc(-c3n[nH]c(C)n3)cc2)cc1
pubchem_898,-9.67,COc1ccc(C)cc1NC(=O)NCCc1n[nH]c(Cc2ccc(F)cc2)n1
pubchem_1183,-9.67,Cc1ccc(OCCC(=O)Nc2ccc(-c3n[nH]c(CN)n3)cc2)c(C)c1
pubchem_1270,-9.67,Cc1cc(C)cc(NC(=O)C(=O)NCc2nc(-c3ccco3)n[nH]2)c1
pubchem_1610,-9.67,CC(=O)Nc1cccc(COc2ccccc2-c2ncn[nH]2)c1
pubchem_1961,-9.67,O=C(Cn1cnc(Cc2ccccc2)n1)Nc1ccc2c(c1)NC(=O)CO2
pubchem_146,-9.66,Cc1ccc(OCC(=O)Nc2cccc(-c3nncn3C)c2)cc1
pubchem_482,-9.66,CCn1cnnc1-c1cccc(NC(=O)COc2ccc(F)cc2)c1
pubchem_576,-9.66,CCOc1ccc(CN(C)C(=O)c2nc(C)n(-c3ccc(F)cc3)n2)cc1
pubchem_934,-9.66,CC(=O)Nc1ccccc1OCc1noc(C(=O)NCc2ccc(F)cc2)n1
pubchem_1021,-9.66,COc1cccc(CN(C)C(=O)Nc2cc(-c3n[nH]c(C)n3)ccc2C)c1
pubchem_1251,-9.66,Cc1cccc(OCC(=O)NCCc2nc(-c3ccccc3)n[nH]2)c1
pubchem_1316,-9.66,CCOc1ccc(NC(=O)CSc2n[nH]c(/C=C/c3ccccc3)n2)cc1
pubchem_1865,-9.66,CCOc1cc(C)ccc1NC(=O)NCc1nncn1-c1ccccc1
pubchem_2033,-9.66,Cc1ccc(OCc2nc(SCC(=O)Nc3ccccc3F)n[nH]2)cc1
pubchem_435,-9.65,COc1cccc(NC(=O)Cc2n[nH]c(Cc3ccccc3F)n2)c1
pubchem_588,-9.65,CCOc1ccc(OCC(=O)Nc2cccc(-c3nncn3CC)c2)cc1
pubchem_864,-9.65,Cc1ccccc1OCc1nc(SCC(=O)Nc2ccc(F)cc2)n[nH]1
pubchem_871,-9.65,CCOc1cccc(-c2nc(Nc3ccc(N4CCOCC4)cc3)n[nH]2)c1
pubchem_896,-9.65,COc1ccc(OC)c(NC(=O)NCCc2n[nH]c(Cc3ccc(C)cc3)n2)c1
pubchem_3,-9.64,COc1ccccc1NC(=O)Cn1nc(-c2ccccc2)nc1-c1ccccc1
pubchem_5,-9.64,CCOc1ccccc1NC(=O)CSc1nnc(-c2cccc(C)c2)n1N
pubchem_64,-9.64,O=C(CCCOc1ccccc1)Nc1cccc(-c2nnc3n2CCCCC3)c1
pubchem_269,-9.64,CCOc1ccc(NC(=O)CSc2n[nH]c(COc3ccc(C)cc3)n2)cc1
pubchem_690,-9.64,Cc1ccc(NC(=O)CSc2n[nH]c(COc3ccc(C)cc3)n2)cc1
pubchem_813,-9.64,COc1ccc(NC(=O)CSc2n[nH]c(COc3ccccc3C)n2)cc1
pubchem_1237,-9.64,Cc1nc(C(=O)NCc2ccccc2OC(F)(F)F)nn1-c1ccc(F)cc1
pubchem_1791,-9.64,CCc1nc(C2CCN(C(=O)CCNc3cc(Cl)ccc3OC)CC2)n[nH]1
pubchem_1885,-9.64,CC(C)Cc1noc(CNc2ccccc2Oc2ccccc2)n1
pubchem_2010,-9.64,COc1ccccc1NCc1nc(-c2ccc(C)cc2)no1
pubchem_180,-9.63,CCOc1ccccc1-n1c(CNc2ccc(C)cc2)nnc1SCC(N)=O
pubchem_322,-9.63,Cc1ccc(NC(=O)CSc2n[nH]c(COc3ccccc3)n2)cc1
pubchem_474,-9.63,CC(C)c1ccc(OCc2nc(SCC(=O)Nc3ccccc3)n[nH]2)cc1
pubchem_494,-9.63,N#Cc1ccc(OCC(=O)NCc2nncn2-c2ccccc2)cc1
pubchem_504,-9.63,Cc1nc(-c2cccc(NC(=O)COc3ccccc3C(F)(F)F)c2)n[nH]1
pubchem_878,-9.63,CCOc1ccccc1NC(=O)CSc1n[nH]c(/C=C/c2ccccc2C)n1
pubchem_1505,-9.63,COc1ccccc1N1CCN(C(=O)Nc2n[nH]c(Cc3ccccc3)n2)CC1
pubchem_1908,-9.63,COc1ccccc1-n1c(SCC(=O)NCC(C)C)nnc1-c1ccccc1
pubchem_2022,-9.63,Cc1cc(C)cc(OCC(=O)Nc2cccc(-c3nnc4n3CCCCC4)c2)c1
pubchem_219,-9.62,COc1ccc(NC(=O)Cc2n[nH]c(Cc3ccccc3)n2)cc1
pubchem_246,-9.62,COCCn1c(SCC(=O)Nc2ccccc2OC)nnc1-c1ccccc1
pubchem_550,-9.62,O=C(Cc1n[nH]c(COc2ccccc2)n1)NCc1ccccc1
pubchem_564,-9.62,CCn1c(SCC(=O)Nc2ccccc2OC)nnc1-c1ccccc1
pubchem_630,-9.62,CCCOc1cccc(-c2nc(Nc3ccc(N4CCOCC4)cc3)n[nH]2)c1
pubchem_688,-9.62,Cc1cccc(OCc2nc(SCC(=O)Nc3ccccc3)n[nH]2)c1
pubchem_770,-9.62,CCOc1ccc(-n2ccn3c(-c4cccc(F)c4)nnc3c2=O)cc1
pubchem_830,-9.62,COc1ccc(NC(=O)c2nc(C)n(-c3ccccc3C)n2)cc1
pubchem_1182,-9.62,CC(C)Oc1ccccc1CC(=O)Nc1ccc(-c2n[nH]c(CN)n2)cc1
pubchem_1570,-9.62,CCCOc1ccc(OCC(=O)Nc2ccccc2-c2n[nH]c(C(C)C)n2)cc1
pubchem_1848,-9.62,CCOc1ccccc1NC(=O)CSc1n[nH]c(C=Cc2ccccc2C)n1
pubchem_2048,-9.62,CCOc1ccc(OCC(=O)NCc2nncn2-c2ccccc2)cc1
pubchem_2120,-9.62,O=c1[nH]ccn2c(COc3ccccc3NC3CCCCC3)nnc12
pubchem_437,-9.61,COc1ccccc1CNC(=O)Nc1cccc(-c2n[nH]c(C)n2)c1
pubchem_517,-9.61,COc1ccc(C)cc1NC(=O)c1nc(-c2ccccc2)n(-c2ccccc2)n1
pubchem_759,-9.61,CCc1ccc(OCc2nc(SCC(=O)Nc3ccc(C)cc3)n[nH]2)cc1
pubchem_1188,-9.61,Cc1nc(-c2ccc(NC(=O)CCOc3ccccc3C)cc2)n[nH]1
pubchem_1793,-9.61,COc1ccc(NC(=O)CSc2n[nH]c(CNc3ccccc3C)n2)cc1
pubchem_385,-9.6,O=C(COc1ccccc1)NCC(=O)Nc1ccc(-c2n[nH]c(C3CC3)n2)cc1
pubchem_439,-9.6,Cc1nc(C(=O)NCCCOc2ccccc2)nn1-c1ccc(F)cc1
pubchem_849,-9.6,Cc1ccc(C(C)C)c(OCC(=O)Nc2ccc(-c3n[nH]c(C)n3)cc2)c1
pubchem_919,-9.6,COc1ccccc1NC(=O)CSc1n[nH]c(-c2ccc(C(C)(C)C)cc2)n1
pubchem_992,-9.6,Cc1cccc(OCCCC(=O)Nc2ccc(-c3n[nH]c(CN)n3)cc2)c1
pubchem_1275,-9.6,CCc1nc(-c2ccccc2NC(=O)COc2ccc(C)cc2)n[nH]1
pubchem_1276,-9.6,O=C(COc1ccc(N2CCCC2=O)cc1)Nc1ccc(-c2ncn[nH]2)cc1
pubchem_1428,-9.6,COc1ccccc1NC(=O)C1=C(C)Nc2nc(-c3ccccc3)nn2C1
pubchem_2051,-9.6,COc1ccccc1NC(=O)Cc1noc(C(=O)NCc2cccc(F)c2)n1
pubchem_2072,-9.6,Cn1nc(CNc2ccccc2OC2COC2)nc1-c1ccccc1
pubchem_76,-9.59,COc1ccc(NC(=O)CSc2n[nH]c(COc3cccc(C)c3)n2)cc1
pubchem_107,-9.59,Cc1noc(CNc2ccccc2OCCc2ccccc2)n1
pubchem_273,-9.59,COc1ccccc1NC(=O)CSc1n[nH]c(/C=C/c2ccccc2C)n1
pubchem_460,-9.59,CCOc1ccc(-c2nnc(SCC(=O)Nc3ccccc3OC)n2C)cc1
pubchem_991,-9.59,CCCOc1ccc(CCC(=O)Nc2ccc(-c3n[nH]c(CN)n3)cc2)cc1
pubchem_1326,-9.59,Cn1c(CNc2cccc3c2OCCO3)nnc1-c1ccccc1
pubchem_669,-9.58,COc1ccccc1NC(=O)CSc1nnc(COc2cccc(C)c2)n1C
pubchem_1083,-9.58,CCOc1ccccc1NC(=O)Nc1ccc(-c2nnc3n2CCCC3)cc1
pubchem_1909,-9.58,C=CCN(Cc1nc(-c2ccccc2)no1)C(=O)Nc1ccccc1OC
pubchem_1933,-9.58,CCN(CC(=O)Nc1ccccc1OC)Cc1nc(-c2cccc(OC)c2)no1
pubchem_131,-9.57,CCOc1ccccc1NC(=O)Cn1nnnc1-c1ccc(C)cc1
pubchem_248,-9.57,CCOc1ccccc1NC(=O)CSc1nnc(-c2ccc(OC)cc2)n1C
pubchem_545,-9.57,Cc1cccc(OCC(=O)Nc2cc(-c3nnc4n3CCCCC4)ccc2C)c1
pubchem_811,-9.57,Cc1ccc(OCC(=O)Nc2ccc(-c3nnc4n3CCCCC4)cc2)c(C)c1
pubchem_1036,-9.57,COCCOc1ccccc1NC(=O)c1nc(C)n(-c2ccccc2C(C)C)n1
pubchem_1416,-9.57,Cc1cc(C)cc(OCCC(=O)Nc2ccc(-c3n[nH]c(CN)n3)cc2)c1
pubchem_1592,-9.57,Cc1nc(-c2cccc(NC(=O)Cc3ccc(OCC#N)cc3)c2)n[nH]1
pubchem_1669,-9.57,COc1ccc(NC(=O)CCC2CCN(C(=O)c3ncn[nH]3)CC2)c(OC)c1
pubchem_141,-9.56,COc1ccc(NC(=O)CSc2n[nH]c(COc3ccc(C)cc3)n2)cc1
pubchem_336,-9.56,CCOc1ccc(NC(=O)NCCc2n[nH]c(Cc3ccc(F)cc3)n2)cc1
pubchem_400,-9.56,CCc1ccc(-c2nc(SCC(=O)Nc3ccccc3OC)n[nH]2)cc1
pubchem_492,-9.56,CC(C)(C)c1ccc(OCc2nc(CC(=O)NCc3ccccn3)n[nH]2)cc1
pubchem_497,-9.56,COc1ccc(C)cc1NC(=O)NCCc1n[nH]c(Cc2ccc(C)cc2)n1
pubchem_506,-9.56,COc1ccc(NC(=O)Cc2n[nH]c(Cc3ccc(F)cc3)n2)cc1
pubchem_937,-9.56,Cc1ccc2oc(=O)n(Cc3nc(-c4ccccc4)n[nH]3)c2c1
pubchem_2017,-9.56,COc1ccccc1NC(=O)CSc1n[nH]c(-c2cccc(C)c2)n1
pubchem_2040,-9.56,CCN(CC(=O)Nc1ccccc1OC)Cc1nc(-c2ccc(OC)cc2)no1
pubchem_2112,-9.56,O=c1c2nc(COc3ccccc3)nn2ccn1-c1ccc(F)cc1
pubchem_96,-9.55,CCOc1ccc(NC(=O)c2nc(-c3ccccc3)n(-c3ccccc3C)n2)cc1
pubchem_301,-9.55,CCOc1ccccc1OCC(=O)Nc1cccc(-c2ncn[nH]2)c1
pubchem_903,-9.55,CCOc1ccccc1NC(=O)CSc1nnc(-c2ccccc2)n1CC
pubchem_941,-9.55,COc1cccc(NC(=O)Cc2n[nH]c(Cc3ccccc3)n2)c1
pubchem_978,-9.55,CCOc1ccccc1NC(=S)NCc1nc(-c2ccccc2)no1
pubchem_1044,-9.55,CCOc1ccc(CCC(=O)Nc2ccc(-c3n[nH]c(CN)n3)cc2)cc1
pubchem_1229,-9.55,Cc1cccc(C)c1NC(=O)COc1cccc(-c2nnc3n2CCCCC3)c1
pubchem_1367,-9.55,Cc1nc(C(=O)Nc2ccc3c(c2)CCCO3)nn1-c1n[nH]c(C(F)(F)F)n1
pubchem_1863,-9.55,CCc1n[nH]c(CNc2ccc3c(c2)N(C(=O)C(C)(C)C)CCO3)n1
pubchem_1,-9.54,CCOc1ccccc1NC(=O)CSc1nnc(-c2ccccc2)n1C
pubchem_91,-9.54,O=C(Cc1n[nH]c(COc2ccccc2)n1)NCc1ccc(F)cc1
pubchem_124,-9.54,COc1ccccc1NC(=O)NCc1nc(-c2cccc(C)c2)no1
pubchem_255,-9.54,Cc1ccccc1OCc1nc(SCC(=O)Nc2ccc(F)cc2F)n[nH]1
pubchem_274,-9.54,C#CCNC(=O)CSc1nnc(COc2ccccc2C)n1-c1ccccc1
pubchem_324,-9.54,COc1ccccc1NC(=O)CSc1n[nH]c(COc2ccc(C)cc2)n1
pubchem_601,-9.54,COc1ccc(C)cc1NC(=O)Cc1n[nH]c(Cc2ccc(F)cc2)n1
pubchem_2064,-9.54,COc1ccc(-c2n[nH]c(CNC(=O)CNc3ccccc3[N+](=O)[O-])n2)cc1
pubchem_22,-9.53,CCc1ccc(OCc2nc(SCC(=O)Nc3ccccc3)n[nH]2)cc1
pubchem_106,-9.53,O=C(CN1C(=O)COc2ccccc21)NCCc1nnc2n1CCC2
pubchem_345,-9.53,COc1ccccc1N(C)C(=O)c1nc(-c2ccccc2)n(-c2ccccc2)n1
pubchem_561,-9.53,CCc1nnc2c(=O)n(CC(=O)NCc3ccccc3OC)c3ccccc3n12
pubchem_625,-9.53,Cc1cccc(OCC(=O)Nc2ccc(-c3nnc4n3CCCCC4)cc2)c1C
pubchem_696,-9.53,C=CCNC(=O)CSc1nnc(COc2ccccc2C)n1-c1ccccc1
pubchem_1872,-9.53,COc1ccc(NC(=O)c2nc(C)n(-c3ccccc3C(C)C)n2)cc1N
pubchem_39,-9.52,CCc1ccc(-c2noc(CN(CC)CC(=O)Nc3ccccc3OC)n2)cc1
pubchem_55,-9.52,COc1ccccc1NC(=O)CSc1nnc(COc2ccc(C)cc2)n1C
pubchem_558,-9.52,CCOc1ccccc1NC(=O)N1CC(c2nc(-c3ccccc3)no2)C1
pubchem_791,-9.52,COc1ccc(NC(=O)Cc2n[nH]c(Cc3ccccc3F)n2)cc1
pubchem_1906,-9.52,O=C(CCOc1ccccc1)Nc1ccc(-c2nnc3n2CCCCC3)cc1
pubchem_2013,-9.52,COc1ccc(NC(=O)CNc2cccc(-c3nnc(C)n3C)c2)cc1
pubchem_2026,-9.52,CCOc1ccc(-c2nc(Nc3ccc(N4CCOCC4)cc3)n[nH]2)cc1
pubchem_334,-9.51,COc1ccc(CNC(=O)Cc2n[nH]c(CNc3ccc(OC)cc3)n2)cc1
pubchem_579,-9.51,CCOc1ccccc1-c1nnc(SCC(=O)Nc2ccccc2OC)n1C
pubchem_974,-9.51,CCn1c(C)nnc1COc1cccc(NC(=O)c2ccccc2)c1
pubchem_1200,-9.51,O=C(Nc1ccc2c(c1)CNCCO2)c1nc(C2CC2)n(-c2ccccc2)n1
pubchem_1647,-9.51,COc1ccc(NC2(C(=O)NCCSc3n[nH]c(C)n3)CCCCC2)cc1
pubchem_1917,-9.51,Cc1ccccc1OCC(=O)Nc1cccc(-c2nnc3n2CCCCC3)c1
pubchem_125,-9.5,CCOc1ccccc1NC(=O)CSc1nnc(-c2cccc(F)c2)n1C
pubchem_655,-9.5,COc1ccc(CNC(=O)Nc2cccc(-c3n[nH]c(C)n3)c2)cc1
pubchem_702,-9.5,CC(C)(C)c1ccc(OCc2nc(CC(=O)NNc3ccccc3)n[nH]2)cc1
pubchem_990,-9.5,Cc1ccc(C)c(OCCC(=O)Nc2ccc(-c3n[nH]c(CN)n3)cc2)c1
pubchem_1715,-9.5,CCCN(CC)c1ccc(C(=O)NCc2nc(-c3ccc(OC)cc3)n[nH]2)cc1
pubchem_1918,-9.5,CCCOc1ccc(-c2nc(Nc3ccc(N4CCOCC4)cc3)n[nH]2)cc1
pubchem_1947,-9.5,CCc1nnc2c(=O)n(CC(=O)NCc3ccc(OC)cc3)c3ccccc3n12
pubchem_111,-9.49,Cc1nc(-c2cccc(NC(=O)/C=C/c3ccc(OCC#N)cc3)c2)n[nH]1
pubchem_122,-9.49,CCOc1ccccc1NC(=O)CSc1nnc(C2CCCCC2)n1N
pubchem_1914,-9.49,Cc1ccc(OCC(=O)Nc2ccc(-c3nnc4n3CCCCC4)cc2)cc1
pubchem_2047,-9.49,O=C(COc1ccccc1)NCc1nncn1-c1ccccc1
pubchem_11,-9.48,COc1ccc(Cc2nnc(SCC(=O)Nc3ccccc3OC)n2N)cc1
pubchem_148,-9.48,Cc1nc(C(=O)Nc2ccc(OCC(=O)N(C)C)cc2)nn1-c1ccc(F)cc1
pubchem_503,-9.48,COc1ccccc1-n1ccn2c(SCC(=O)NC(C)C)nnc2c1=O
pubchem_820,-9.48,Cc1ccc(C)c(OCC(=O)Nc2cccc(-c3nnc4n3CCCCC4)c2)c1
pubchem_1408,-9.48,COc1ccccc1NC(=O)N(C)Cc1nc(-c2ccccc2C)no1
pubchem_1750,-9.48,c1ccc(NCCc2nnc3n2Cc2ccccc2OC3)cc1
pubchem_1930,-9.48,CCOc1ccccc1NCc1nc(-c2ccccc2OC)no1
pubchem_484,-9.47,CCN(CC(=O)Nc1ccccc1OC)Cc1nc(-c2ccc(C)cc2)no1
pubchem_538,-9.47,CCc1ccc(OCc2nc(SCC(=O)Nc3ccc(F)cc3)n[nH]2)cc1
pubchem_595,-9.47,COc1ccc(-c2n[nH]c(CCNC(=O)Nc3cc(C)ccc3OC)n2)cc1
pubchem_619,-9.47,COc1ccc(NC(=O)C2(N(C)C(=O)Cc3nc(N)n[nH]3)CCCCC2)cc1
pubchem_1204,-9.47,CNC(=O)CSc1nnc(COc2ccccc2C)n1-c1ccccc1
pubchem_1314,-9.47,Cc1nnnn1-c1cccc(NC(=O)CN2CCOc3ccccc3C2)c1
pubchem_1742,-9.47,COc1ccc(-n2nc(C(=O)NC3CCCCC3)nc2-c2cccc(C)c2)cc1
pubchem_77,-9.46,CCOc1ccc(NC(=O)CSc2n[nH]c(COc3cccc(C)c3)n2)cc1
pubchem_744,-9.46,COc1ccccc1NC(=O)CSc1nnc(Cc2ccccc2)n1N
pubchem_809,-9.46,CCOc1ccccc1NC(=O)CSc1nnc(-c2ccccc2F)n1C
pubchem_863,-9.46,Cc1ccc(C)c(OCC(=O)Nc2ccc(-c3nnc4n3CCCCC4)cc2)c1
pubchem_1240,-9.46,CCCNC(=O)CSc1nnc(Cc2ccccc2)n1-c1ccccc1OC
pubchem_1600,-9.46,Cc1ccccc1-c1nnc(C)n1-c1ccc(OCC(=O)NC2CC2)cc1
pubchem_1613,-9.46,COc1ccccc1NC(=O)CSc1n[nH]c(C=Cc2ccccc2C)n1
pubchem_2108,-9.46,CCOc1ccc(-c2noc(CNc3ccccc3OC)n2)cc1
pubchem_231,-9.45,CN(Cc1cccc(OCCCNc2nc(CO)nn2C)c1)c1ccccc1
pubchem_337,-9.45,COc1ccc(NC(=O)NCCc2n[nH]c(Cc3ccc(F)cc3)n2)c(OC)c1
pubchem_531,-9.45,COc1ccccc1-c1nc(Nc2ccc(N3CCOCC3)cc2)n[nH]1
pubchem_1174,-9.45,O=C(CN1CCOc2ccccc2C1)NCc1nncn1C1CCCCC1
pubchem_1190,-9.45,CCOc1ccccc1NCc1nc(-c2ccc(C)cc2)no1
pubchem_1211,-9.45,CCOc1ccccc1NC(=O)CSc1nnc(-c2ccc(F)cc2)n1C
pubchem_1217,-9.45,Cc1cccc(C)c1OCC(=O)Nc1cccc(-c2nnc3n2CCCCC3)c1
pubchem_1279,-9.45,CCCOc1cccc(CNc2cccc(-c3n[nH]c(C)n3)c2)c1
pubchem_1375,-9.45,C=C(N)C(=O)Nc1cccc(-c2n[nH]c(-c3ccc(OC)cc3)n2)c1
pubchem_2071,-9.45,C=CC(=O)N(C)c1ccc(C(=O)Nc2ccc(OCc3ncn[nH]3)cc2)cc1
pubchem_169,-9.44,COc1cccc(NC(=O)Cc2n[nH]c(Cc3ccc(F)cc3)n2)c1
pubchem_313,-9.44,CCOc1ccc(NC(=O)CSc2nnc(Cc3ccccc3)n2N)cc1
pubchem_429,-9.44,COc1ccc(NC(=O)Cn2c(C)cc(=O)n3nc(-c4ccccc4)nc23)cc1
pubchem_645,-9.44,COc1cccc(-c2n[nH]c(CNc3ccc(C)cc3)n2)c1
pubchem_760,-9.44,CCc1ccc(OCc2nc(SCC(=O)Nc3ccccc3F)n[nH]2)cc1
pubchem_1131,-9.44,CCc1nncn1CCN/C(=N\C)NCCCN1C(=O)COc2ccccc21
pubchem_1181,-9.44,Cc1ccccc1OCCCC(=O)Nc1ccc(-c2n[nH]c(CN)n2)cc1
pubchem_1255,-9.44,O=C(CCOc1ccccc1)NCc1nc(-c2ccc(F)cc2)n[nH]1
pubchem_1557,-9.44,COc1ccccc1-n1nc(-c2ccccc2)nc1-c1ccc(=O)[nH]c1
pubchem_2008,-9.44,Cc1ccc(OCc2nnc(SCC(=O)Nc3ccccc3)n2N)cc1
pubchem_161,-9.43,CCOc1ccccc1NC(=O)c1nc(-c2ccccc2)n(-c2ccc(C)cc2)n1
pubchem_261,-9.43,COc1ccc(C)cc1NC(=O)c1nc(C)n(-c2ccc(F)cc2)n1
pubchem_652,-9.43,O=C(COc1ccccc1)NCCc1nc(-c2ccccc2)n[nH]1
pubchem_808,-9.43,COc1ccccc1NC(=O)CSc1n[nH]c(-c2ccccc2C)n1
pubchem_900,-9.43,CCOc1ccc(CCC(=O)Nc2ccc(-c3n[nH]c(C)n3)cc2)cc1
pubchem_929,-9.43,O=C(NCc1ccco1)c1nc(Cc2ccccc2)n(-c2ccccc2)n1
pubchem_1003,-9.43,COc1ccccc1NC(=O)c1nc(-c2ccccc2)n(-c2ccc(C)c(C)c2)n1
pubchem_1323,-9.43,Cc1cccc(Oc2ccc(NC(=O)CCc3ncn[nH]3)cc2)c1
pubchem_2042,-9.43,Cc1nc(C(=O)NCCOc2ccccc2)nn1-c1ccccc1
